{"DirectorySortOption":1,"DirectorySortDirection":1,"DirectoryGroupOption":0,"LayoutMode":1,"GridViewSize":100,"ColumnsViewModel":{"TagColumn":{"UserCollapsed":false,"Length":{"Value":0.0,"GridUnitType":1,"IsAbsolute":true,"IsAuto":false,"IsStar":false},"LengthIncludingGridSplitter":{"Value":0.0,"GridUnitType":1,"IsAbsolute":true,"IsAuto":false,"IsStar":false},"UserLength":{"Value":200.0,"GridUnitType":1,"IsAbsolute":true,"IsAuto":false,"IsStar":false},"UserLengthPixels":200.0},"NameColumn":{"UserCollapsed":false,"Length":{"Value":322.16829466588291,"GridUnitType":1,"IsAbsolute":true,"IsAuto":false,"IsStar":false},"LengthIncludingGridSplitter":{"Value":323.16829466588291,"GridUnitType":1,"IsAbsolute":true,"IsAuto":false,"IsStar":false},"UserLength":{"Value":322.16829466588291,"GridUnitType":1,"IsAbsolute":true,"IsAuto":false,"IsStar":false},"UserLengthPixels":322.16829466588291},"StatusColumn":{"UserCollapsed":false,"Length":{"Value":0.0,"GridUnitType":1,"IsAbsolute":true,"IsAuto":false,"IsStar":false},"LengthIncludingGridSplitter":{"Value":0.0,"GridUnitType":1,"IsAbsolute":true,"IsAuto":false,"IsStar":false},"UserLength":{"Value":50.0,"GridUnitType":1,"IsAbsolute":true,"IsAuto":false,"IsStar":false},"UserLengthPixels":50.0},"DateModifiedColumn":{"UserCollapsed":false,"Length":{"Value":322.16829466588291,"GridUnitType":1,"IsAbsolute":true,"IsAuto":false,"IsStar":false},"LengthIncludingGridSplitter":{"Value":323.16829466588291,"GridUnitType":1,"IsAbsolute":true,"IsAuto":false,"IsStar":false},"UserLength":{"Value":322.16829466588291,"GridUnitType":1,"IsAbsolute":true,"IsAuto":false,"IsStar":false},"UserLengthPixels":322.16829466588291},"OriginalPathColumn":{"UserCollapsed":false,"Length":{"Value":0.0,"GridUnitType":1,"IsAbsolute":true,"IsAuto":false,"IsStar":false},"LengthIncludingGridSplitter":{"Value":0.0,"GridUnitType":1,"IsAbsolute":true,"IsAuto":false,"IsStar":false},"UserLength":{"Value":200.0,"GridUnitType":1,"IsAbsolute":true,"IsAuto":false,"IsStar":false},"UserLengthPixels":200.0},"ItemTypeColumn":{"UserCollapsed":false,"Length":{"Value":322.16829466588291,"GridUnitType":1,"IsAbsolute":true,"IsAuto":false,"IsStar":false},"LengthIncludingGridSplitter":{"Value":323.16829466588291,"GridUnitType":1,"IsAbsolute":true,"IsAuto":false,"IsStar":false},"UserLength":{"Value":322.16829466588291,"GridUnitType":1,"IsAbsolute":true,"IsAuto":false,"IsStar":false},"UserLengthPixels":322.16829466588291},"DateDeletedColumn":{"UserCollapsed":false,"Length":{"Value":0.0,"GridUnitType":1,"IsAbsolute":true,"IsAuto":false,"IsStar":false},"LengthIncludingGridSplitter":{"Value":0.0,"GridUnitType":1,"IsAbsolute":true,"IsAuto":false,"IsStar":false},"UserLength":{"Value":200.0,"GridUnitType":1,"IsAbsolute":true,"IsAuto":false,"IsStar":false},"UserLengthPixels":200.0},"DateCreatedColumn":{"UserCollapsed":true,"Length":{"Value":0.0,"GridUnitType":1,"IsAbsolute":true,"IsAuto":false,"IsStar":false},"LengthIncludingGridSplitter":{"Value":0.0,"GridUnitType":1,"IsAbsolute":true,"IsAuto":false,"IsStar":false},"UserLength":{"Value":200.0,"GridUnitType":1,"IsAbsolute":true,"IsAuto":false,"IsStar":false},"UserLengthPixels":200.0},"SizeColumn":{"UserCollapsed":false,"Length":{"Value":322.16829466588291,"GridUnitType":1,"IsAbsolute":true,"IsAuto":false,"IsStar":false},"LengthIncludingGridSplitter":{"Value":323.16829466588291,"GridUnitType":1,"IsAbsolute":true,"IsAuto":false,"IsStar":false},"UserLength":{"Value":322.16829466588291,"GridUnitType":1,"IsAbsolute":true,"IsAuto":false,"IsStar":false},"UserLengthPixels":322.16829466588291},"TotalWidth":1312.6731786635316},"IsAdaptiveLayoutOverridden":false}