<?xml version="1.0" encoding="UTF-8"?>
<root>
    <doclet-version-NOT-library-version>1.07</doclet-version-NOT-library-version>
    <class>
        <name>nz.ope.HikariCP.HikariDataSourceWrapper</name>
        <shortname>HikariCP</shortname>
        <objectwrapper>com.zaxxer.hikari.HikariDataSource</objectwrapper>
        <owner>process</owner>
        <method>
            <name>IsInitialized</name>
            <comment></comment>
            <returntype>boolean</returntype>
        </method>
        <method>
            <name>Initialize</name>
            <comment></comment>
            <returntype>void</returntype>
            <parameter>
                <name>DriverClassName</name>
                <type>java.lang.String</type>
            </parameter>
            <parameter>
                <name>JdbcUrl</name>
                <type>java.lang.String</type>
            </parameter>
            <parameter>
                <name>user</name>
                <type>java.lang.String</type>
            </parameter>
            <parameter>
                <name>password</name>
                <type>java.lang.String</type>
            </parameter>
        </method>
        <method>
            <name>GetConnection</name>
            <comment></comment>
            <returntype>anywheresoftware.b4j.objects.SQL</returntype>
        </method>
        <method>
            <name>Initialize2</name>
            <comment></comment>
            <returntype>void</returntype>
            <parameter>
                <name>DriverClassName</name>
                <type>java.lang.String</type>
            </parameter>
            <parameter>
                <name>JdbcUrl</name>
                <type>java.lang.String</type>
            </parameter>
            <parameter>
                <name>user</name>
                <type>java.lang.String</type>
            </parameter>
            <parameter>
                <name>password</name>
                <type>java.lang.String</type>
            </parameter>
            <parameter>
                <name>ConnectionTestQuery</name>
                <type>java.lang.String</type>
            </parameter>
        </method>
        <method>
            <name>GetConnectionAsync</name>
            <comment></comment>
            <returntype>void</returntype>
            <parameter>
                <name>paramBA</name>
                <type>anywheresoftware.b4a.BA</type>
            </parameter>
            <parameter>
                <name>paramString</name>
                <type>java.lang.String</type>
            </parameter>
        </method>
        <method>
            <name>ClosePool</name>
            <comment></comment>
            <returntype>void</returntype>
        </method>
        <property>
            <name>MaxLifetime</name>
            <returntype>long</returntype>
            <parameter>
                <name>maxLifetimeMs</name>
                <type>long</type>
            </parameter>
            <comment></comment>
        </property>
        <property>
            <name>MaximumPoolSize</name>
            <returntype>int</returntype>
            <parameter>
                <name>Poolsize</name>
                <type>int</type>
            </parameter>
            <comment></comment>
        </property>
        <property>
            <name>MinimumIdle</name>
            <returntype>int</returntype>
            <parameter>
                <name>minIdle</name>
                <type>int</type>
            </parameter>
            <comment></comment>
        </property>
    </class>
    <version>5.01</version>
    <author>ope</author>
    <dependsOn>HikariCP-5.0.1</dependsOn>
    <dependsOn>slf4j-api-1.7.30</dependsOn>
    <dependsOn>jSQL</dependsOn>
</root>
