{"ComponentInstance":"vlabel","ComponentName":"appuser","ProjectName":"app1","ViewName":"pgindex","ComponentEvents":"","ParentID":"appbar","SetName":false,"Hidden":false,"VShowCompute":"","Absolute":false,"DFlex":false,"LabelPlus":false,"Size":"div","OwnTag":"","FontFamily":"","FontSize":"","Heading":"","Caption":"{{ username }}","UseCaption":false,"LoremIpsum":false,"Bold":false,"Italic":false,"FontBlack":false,"TextAlign":"","Align":"normal","Justify":"normal","TextDecoration":"none","Capitalized":false,"LowerCased":false,"UpperCased":false,"NoWrap":false,"Truncate":false,"UserSelect":"auto","WritingMode":"none","VHtml":"","VText":"","KeepAlive":false,"StyleWidth":"","StyleHeight":"","Src":"","Alt":"","Elevation":"","StepValue":"","Tile":false,"Rounded":"","Vertical":false,"Inset":false,"VOn":"","Href":"","Target":"","To":"","BorderPosition":"none","BorderColor":"","BorderRadius":"","BorderStyle":"","BorderWidth":"","Color":"","ColorIntensity":"normal","TextColor":"","TextColorIntensity":"normal","BackgroundColor":"","BackgroundColorIntensity":"","VIf":"","VFor":"","Key":"","Classes":"","Styles":"","Attributes":"","MarginAXYTBLR":"a=?; x=?; y=?; t=?; b=?; l=?; r=?","PaddingAXYTBLR":"a=?; x=?; y=?; t=?; b=?; l=?; r=?","States":"username=string","GradientActive":false,"Gradient":"","GradientColor1":"0xFFCFDCDC","GradientColor2":"0xFFCFDCDC","Disabled":false,"Hover":false,"Transition":"","Shrink":false,"Grow":false,"Flat":false,"Dense":false,"WidthHeight":"w=?; mw=?; mxw=?; h=?; mh=?; mxh=?"}