{"ComponentInstance":"vbtn","ComponentName":"appoff","ProjectName":"app1","ViewName":"pgindex","ComponentEvents":"","ParentID":"appbar","Raised":true,"Block":false,"Size":"small","FontFamily":"","FontSize":"","FAB":false,"Icon":true,"IconName":"mdi-power-standby","IconAlignment":"normal","IconDark":false,"IconSize":"","IconColor":"","Image":"","ImageAlignment":"left","ToolTipPosition":"bottom","ToolTip":"Log Off","Disabled":false,"Hidden":false,"Loading":false,"Align":"normal","Justify":"normal","Color":"red","ColorIntensity":"normal","TextColor":"","TextColorIntensity":"normal","Absolute":false,"Position":"","Dark":false,"Depressed":false,"VFor":"","Key":"","HREF":"","To":"","Target":"","Outlined":false,"Rounded":false,"Shaped":false,"Tile":false,"Classes":"","Styles":"","Attributes":"","VIf":"","VOn":"","GradientActive":false,"Gradient":"","GradientColor1":"0xFFCFDCDC","GradientColor2":"0xFFCFDCDC","States":"","Hover":false,"MarginAXYTBLR":"a=?; x=?; y=?; t=?; b=?; l=?; r=?","PaddingAXYTBLR":"a=?; x=?; y=?; t=?; b=?; l=?; r=?","Transition":"","Elevation":"","Shrink":false,"Grow":false,"Dense":false,"WidthHeight":"w=?; mw=?; mxw=?; h=?; mh=?; mxh=?","Text":"Button"}