{"ComponentInstance":"vappbar","ComponentName":"appbar","ProjectName":"app1","ViewName":"pgindex","ParentID":"inspire","Hidden":false,"Absolute":false,"App":true,"Bottom":false,"ClippedLeft":true,"ClippedRight":true,"Collapse":false,"CollapseOnScroll":false,"Color":"","ColorIntensity":"","Dark":false,"TextColor":"","TextColorIntensity":"","Dense":false,"UsesAuthentication":false,"ElevateOnScroll":false,"Elevation":"","Extended":false,"ExtensionHeight":"48","FadeImgOnScroll":false,"Fixed":false,"Flat":false,"Floating":false,"HideOnScroll":false,"InvertedScroll":false,"Light":false,"Outlined":false,"Prominent":false,"ProgressLoader":false,"ProgressLoading":false,"ProgressLoaderColor":"amber","ProgressLoaderColorIntensity":"darken-4","Rounded":"none","ScrollOffScreen":false,"ScrollTarget":"","ScrollThreshold":"","Shaped":false,"Short":false,"ShrinkOnScroll":false,"Src":"","Tile":false,"VIf":"","Classes":"","Styles":"","Attributes":"","MarginAXYTBLR":"a=?; x=?; y=?; t=?; b=?; l=?; r=?","PaddingAXYTBLR":"a=?; x=?; y=?; t=?; b=?; l=?; r=?","GradientActive":false,"Gradient":"","GradientColor1":"0xFFCFDCDC","GradientColor2":"0xFFCFDCDC","States":"","Disabled":false,"Hover":false,"Transition":"","Shrink":false,"Grow":false,"WidthHeight":"w=?; mw=?; mxw=?; h=?; mh=?; mxh=?"}