{"ComponentInstance":"vavatar","ComponentName":"applogo","ProjectName":"app1","ViewName":"pgindex","ComponentEvents":"","Hidden":false,"ParentID":"appbar","AvatarType":"none","Image":"./assets/bvad31.png","SrcBind":"","Images":"./assets/1.jpg; ./assets/2.jpg; ./assets/3.jpg; ./assets/4.jpg; ./assets/5.jpg","Alts":"Boy; Boy; Girl; Girl; Girl","Icon":"","Text":"","Size":"48","FontFamily":"","FontSize":"","HeadLine":false,"IconDark":true,"Elevation":"","Color":"primary","ColorIntensity":"normal","TextColor":"white","TextColorIntensity":"normal","Align":"normal","Justify":"normal","Position":"normal","Rounded":"none","BorderPosition":"none","BorderColor":"","BorderRadius":"","BorderStyle":"","BorderWidth":"","Tile":false,"Classes":"","Styles":"","Attributes":"","VIf":"","VOn":"","GradientActive":false,"Gradient":"","GradientColor1":"0xFFCFDCDC","GradientColor2":"0xFFCFDCDC","States":"","Disabled":false,"Absolute":false,"Hover":false,"MarginAXYTBLR":"a=?; x=?; y=?; t=?; b=?; l=?; r=2","PaddingAXYTBLR":"a=?; x=?; y=?; t=?; b=?; l=?; r=?","Transition":"","Shrink":false,"Grow":false,"Flat":false,"Dense":false,"WidthHeight":"w=?; mw=?; mxw=?; h=?; mh=?; mxh=?"}