{"ComponentInstance":"vspacer","ComponentName":"appspacer","ProjectName":"app1","ViewName":"pgindex","ParentID":"appbar","VIf":"","VShow":"","VShowCompute":"","Classes":"","Styles":"","Attributes":"","GradientActive":false,"Gradient":"","GradientColor1":"0xFFCFDCDC","GradientColor2":"0xFFCFDCDC","States":"","Disabled":false,"Absolute":false,"Hover":false,"MarginAXYTBLR":"a=?; x=?; y=?; t=?; b=?; l=?; r=?","PaddingAXYTBLR":"a=?; x=?; y=?; t=?; b=?; l=?; r=?","Transition":"","Elevation":"","Rounded":"none","Tile":false,"Shrink":false,"Grow":false,"Flat":false,"Dense":false,"WidthHeight":"w=?; mw=?; mxw=?; h=?; mh=?; mxh=?"}