{"ComponentInstance":"vapp","ComponentName":"inspire","ProjectName":"app1","ViewName":"pgindex","ParentID":"apptemplate","Color":"","ColorIntensity":"normal","Classes":"","Styles":"","Attributes":"","GradientActive":false,"Gradient":"","GradientColor1":"0xFFCFDCDC","GradientColor2":"0xFFCFDCDC","States":"","Disabled":false,"Absolute":false,"Hover":false,"MarginAXYTBLR":"a=?; x=?; y=?; t=?; b=?; l=?; r=?","PaddingAXYTBLR":"a=?; x=?; y=?; t=?; b=?; l=?; r=?","WidthHeight":"w=?; mw=?; mxw=?; h=?; mh=?; mxh=?","Transition":"","Elevation":"","Rounded":"none","Tile":false,"Shrink":false,"Grow":false,"Flat":false,"Dense":false}