{"ComponentInstance":"vtoolbartitle","ComponentName":"apptitle","ProjectName":"app1","ViewName":"pgindex","ParentID":"appbar","Hidden":false,"Text":"app1","Color":"","ColorIntensity":"normal","TextColor":"","TextColorIntensity":"normal","Align":"normal","Justify":"normal","Classes":"","Styles":"","Attributes":"","VIf":"","GradientActive":false,"Gradient":"","GradientColor1":"0xFFCFDCDC","GradientColor2":"0xFFCFDCDC","States":"","Disabled":false,"Absolute":false,"Hover":false,"MarginAXYTBLR":"a=?; x=?; y=?; t=?; b=?; l=?; r=?","PaddingAXYTBLR":"a=?; x=?; y=?; t=?; b=?; l=?; r=?","Transition":"","Elevation":"","Rounded":"none","Tile":false,"Shrink":false,"Grow":false,"Flat":false,"Dense":false,"WidthHeight":"w=?; mw=?; mxw=?; h=?; mh=?; mxh=?"}