{"ComponentInstance":"vappbarnavicon","ComponentName":"appburger","ProjectName":"app1","ViewName":"pgindex","ComponentEvents":"","ParentID":"appbar","Hidden":false,"IconName":"","Color":"","ColorIntensity":"normal","TextColor":"","TextColorIntensity":"normal","Classes":"","Styles":"","Attributes":"","MarginAXYTBLR":"a=?; x=?; y=?; t=?; b=?; l=?; r=?","PaddingAXYTBLR":"a=?; x=?; y=?; t=?; b=?; l=?; r=?","VIf":"","GradientActive":false,"Gradient":"","GradientColor1":"0xFFCFDCDC","GradientColor2":"0xFFCFDCDC","States":"","Disabled":false,"Absolute":false,"Hover":false,"Transition":"","Elevation":"","Rounded":"none","Tile":false,"Shrink":false,"Grow":false,"Flat":false,"Dense":false,"WidthHeight":"w=?; mw=?; mxw=?; h=?; mh=?; mxh=?"}