{"v":"5.5.7","meta":{"g":"LottieFiles AE 0.1.20","a":"","k":"","d":"","tc":""},"fr":23.9969940185547,"ip":0,"op":140.999964854616,"w":600,"h":600,"nm":"Comp 1","ddd":0,"assets":[{"id":"comp_0","layers":[{"ddd":0,"ind":1,"ty":0,"nm":"Layer 2 Outlines 2 Comp 1","refId":"comp_1","sr":1,"ks":{"o":{"a":0,"k":100,"ix":11},"r":{"a":0,"k":0,"ix":10},"p":{"a":0,"k":[300,300,0],"ix":2},"a":{"a":0,"k":[300,300,0],"ix":1},"s":{"a":0,"k":[100,100,100],"ix":6}},"ao":0,"w":600,"h":600,"ip":113.999971584583,"op":238.999940427327,"st":97.9999755727115,"bm":0},{"ddd":0,"ind":2,"ty":0,"nm":"Layer 2 Outlines 2 Comp 1","refId":"comp_1","sr":1,"ks":{"o":{"a":0,"k":100,"ix":11},"r":{"a":0,"k":0,"ix":10},"p":{"a":0,"k":[299,331.5,0],"ix":2},"a":{"a":0,"k":[300,300,0],"ix":1},"s":{"a":0,"k":[100,100,100],"ix":6}},"ao":0,"w":600,"h":600,"ip":120.999969839777,"op":245.999938682521,"st":104.999973827905,"bm":0},{"ddd":0,"ind":3,"ty":0,"nm":"Layer 2 Outlines 2 Comp 1","refId":"comp_1","sr":1,"ks":{"o":{"a":0,"k":100,"ix":11},"r":{"a":0,"k":0,"ix":10},"p":{"a":0,"k":[329.5,381.5,0],"ix":2},"a":{"a":0,"k":[300,300,0],"ix":1},"s":{"a":0,"k":[100,100,100],"ix":6}},"ao":0,"w":600,"h":600,"ip":124.999968842744,"op":249.999937685489,"st":108.999972830873,"bm":0},{"ddd":0,"ind":4,"ty":0,"nm":"Layer 2 Outlines 2 Comp 1","refId":"comp_1","sr":1,"ks":{"o":{"a":0,"k":100,"ix":11},"r":{"a":0,"k":0,"ix":10},"p":{"a":0,"k":[314.5,284,0],"ix":2},"a":{"a":0,"k":[300,300,0],"ix":1},"s":{"a":0,"k":[100,100,100],"ix":6}},"ao":0,"w":600,"h":600,"ip":129.999967596454,"op":254.999936439198,"st":113.999971584583,"bm":0},{"ddd":0,"ind":5,"ty":0,"nm":"Layer 2 Outlines 2 Comp 1","refId":"comp_1","sr":1,"ks":{"o":{"a":0,"k":100,"ix":11},"r":{"a":0,"k":0,"ix":10},"p":{"a":0,"k":[300,300,0],"ix":2},"a":{"a":0,"k":[300,300,0],"ix":1},"s":{"a":0,"k":[100,100,100],"ix":6}},"ao":0,"w":600,"h":600,"ip":97.9999755727115,"op":222.999944415456,"st":81.9999795608403,"bm":0},{"ddd":0,"ind":6,"ty":0,"nm":"Layer 2 Outlines 2 Comp 1","refId":"comp_1","sr":1,"ks":{"o":{"a":0,"k":100,"ix":11},"r":{"a":0,"k":0,"ix":10},"p":{"a":0,"k":[299,331.5,0],"ix":2},"a":{"a":0,"k":[300,300,0],"ix":1},"s":{"a":0,"k":[100,100,100],"ix":6}},"ao":0,"w":600,"h":600,"ip":104.999973827905,"op":229.99994267065,"st":88.999977816034,"bm":0},{"ddd":0,"ind":7,"ty":0,"nm":"Layer 2 Outlines 2 Comp 1","refId":"comp_1","sr":1,"ks":{"o":{"a":0,"k":100,"ix":11},"r":{"a":0,"k":0,"ix":10},"p":{"a":0,"k":[329.5,381.5,0],"ix":2},"a":{"a":0,"k":[300,300,0],"ix":1},"s":{"a":0,"k":[100,100,100],"ix":6}},"ao":0,"w":600,"h":600,"ip":108.999972830873,"op":233.999941673617,"st":92.9999768190018,"bm":0},{"ddd":0,"ind":8,"ty":0,"nm":"Layer 2 Outlines 2 Comp 1","refId":"comp_1","sr":1,"ks":{"o":{"a":0,"k":100,"ix":11},"r":{"a":0,"k":0,"ix":10},"p":{"a":0,"k":[314.5,284,0],"ix":2},"a":{"a":0,"k":[300,300,0],"ix":1},"s":{"a":0,"k":[100,100,100],"ix":6}},"ao":0,"w":600,"h":600,"ip":113.999971584583,"op":238.999940427327,"st":97.9999755727115,"bm":0},{"ddd":0,"ind":9,"ty":0,"nm":"Layer 2 Outlines 2 Comp 1","refId":"comp_1","sr":1,"ks":{"o":{"a":0,"k":100,"ix":11},"r":{"a":0,"k":0,"ix":10},"p":{"a":0,"k":[300,300,0],"ix":2},"a":{"a":0,"k":[300,300,0],"ix":1},"s":{"a":0,"k":[100,100,100],"ix":6}},"ao":0,"w":600,"h":600,"ip":81.9999795608403,"op":206.999948403585,"st":65.999983548969,"bm":0},{"ddd":0,"ind":10,"ty":0,"nm":"Layer 2 Outlines 2 Comp 1","refId":"comp_1","sr":1,"ks":{"o":{"a":0,"k":100,"ix":11},"r":{"a":0,"k":0,"ix":10},"p":{"a":0,"k":[299,331.5,0],"ix":2},"a":{"a":0,"k":[300,300,0],"ix":1},"s":{"a":0,"k":[100,100,100],"ix":6}},"ao":0,"w":600,"h":600,"ip":88.999977816034,"op":213.999946658778,"st":72.9999818041627,"bm":0},{"ddd":0,"ind":11,"ty":0,"nm":"Layer 2 Outlines 2 Comp 1","refId":"comp_1","sr":1,"ks":{"o":{"a":0,"k":100,"ix":11},"r":{"a":0,"k":0,"ix":10},"p":{"a":0,"k":[329.5,381.5,0],"ix":2},"a":{"a":0,"k":[300,300,0],"ix":1},"s":{"a":0,"k":[100,100,100],"ix":6}},"ao":0,"w":600,"h":600,"ip":92.9999768190018,"op":217.999945661746,"st":76.9999808071305,"bm":0},{"ddd":0,"ind":12,"ty":0,"nm":"Layer 2 Outlines 2 Comp 1","refId":"comp_1","sr":1,"ks":{"o":{"a":0,"k":100,"ix":11},"r":{"a":0,"k":0,"ix":10},"p":{"a":0,"k":[314.5,284,0],"ix":2},"a":{"a":0,"k":[300,300,0],"ix":1},"s":{"a":0,"k":[100,100,100],"ix":6}},"ao":0,"w":600,"h":600,"ip":97.9999755727115,"op":222.999944415456,"st":81.9999795608403,"bm":0},{"ddd":0,"ind":13,"ty":0,"nm":"Layer 2 Outlines 2 Comp 1","refId":"comp_1","sr":1,"ks":{"o":{"a":0,"k":100,"ix":11},"r":{"a":0,"k":0,"ix":10},"p":{"a":0,"k":[300,300,0],"ix":2},"a":{"a":0,"k":[300,300,0],"ix":1},"s":{"a":0,"k":[100,100,100],"ix":6}},"ao":0,"w":600,"h":600,"ip":69.9999825519368,"op":194.999951394681,"st":53.9999865400656,"bm":0},{"ddd":0,"ind":14,"ty":0,"nm":"Layer 2 Outlines 2 Comp 1","refId":"comp_1","sr":1,"ks":{"o":{"a":0,"k":100,"ix":11},"r":{"a":0,"k":0,"ix":10},"p":{"a":0,"k":[299,331.5,0],"ix":2},"a":{"a":0,"k":[300,300,0],"ix":1},"s":{"a":0,"k":[100,100,100],"ix":6}},"ao":0,"w":600,"h":600,"ip":76.9999808071305,"op":201.999949649875,"st":60.9999847952592,"bm":0},{"ddd":0,"ind":15,"ty":0,"nm":"Layer 2 Outlines 2 Comp 1","refId":"comp_1","sr":1,"ks":{"o":{"a":0,"k":100,"ix":11},"r":{"a":0,"k":0,"ix":10},"p":{"a":0,"k":[329.5,381.5,0],"ix":2},"a":{"a":0,"k":[300,300,0],"ix":1},"s":{"a":0,"k":[100,100,100],"ix":6}},"ao":0,"w":600,"h":600,"ip":80.9999798100983,"op":205.999948652843,"st":64.9999837982271,"bm":0},{"ddd":0,"ind":16,"ty":0,"nm":"Layer 2 Outlines 2 Comp 1","refId":"comp_1","sr":1,"ks":{"o":{"a":0,"k":100,"ix":11},"r":{"a":0,"k":0,"ix":10},"p":{"a":0,"k":[314.5,284,0],"ix":2},"a":{"a":0,"k":[300,300,0],"ix":1},"s":{"a":0,"k":[100,100,100],"ix":6}},"ao":0,"w":600,"h":600,"ip":85.9999785638081,"op":210.999947406552,"st":69.9999825519368,"bm":0},{"ddd":0,"ind":17,"ty":0,"nm":"Layer 2 Outlines 2 Comp 1","refId":"comp_1","sr":1,"ks":{"o":{"a":0,"k":100,"ix":11},"r":{"a":0,"k":0,"ix":10},"p":{"a":0,"k":[300,300,0],"ix":2},"a":{"a":0,"k":[300,300,0],"ix":1},"s":{"a":0,"k":[100,100,100],"ix":6}},"ao":0,"w":600,"h":600,"ip":55.9999860415495,"op":180.999954884294,"st":39.9999900296782,"bm":0},{"ddd":0,"ind":18,"ty":0,"nm":"Layer 2 Outlines 2 Comp 1","refId":"comp_1","sr":1,"ks":{"o":{"a":0,"k":100,"ix":11},"r":{"a":0,"k":0,"ix":10},"p":{"a":0,"k":[299,331.5,0],"ix":2},"a":{"a":0,"k":[300,300,0],"ix":1},"s":{"a":0,"k":[100,100,100],"ix":6}},"ao":0,"w":600,"h":600,"ip":62.9999842967432,"op":187.999953139488,"st":46.9999882848719,"bm":0},{"ddd":0,"ind":19,"ty":0,"nm":"Layer 2 Outlines 2 Comp 1","refId":"comp_1","sr":1,"ks":{"o":{"a":0,"k":100,"ix":11},"r":{"a":0,"k":0,"ix":10},"p":{"a":0,"k":[329.5,381.5,0],"ix":2},"a":{"a":0,"k":[300,300,0],"ix":1},"s":{"a":0,"k":[100,100,100],"ix":6}},"ao":0,"w":600,"h":600,"ip":66.999983299711,"op":191.999952142455,"st":50.9999872878397,"bm":0},{"ddd":0,"ind":20,"ty":0,"nm":"Layer 2 Outlines 2 Comp 1","refId":"comp_1","sr":1,"ks":{"o":{"a":0,"k":100,"ix":11},"r":{"a":0,"k":0,"ix":10},"p":{"a":0,"k":[314.5,284,0],"ix":2},"a":{"a":0,"k":[300,300,0],"ix":1},"s":{"a":0,"k":[100,100,100],"ix":6}},"ao":0,"w":600,"h":600,"ip":71.9999820534207,"op":196.999950896165,"st":55.9999860415495,"bm":0},{"ddd":0,"ind":21,"ty":0,"nm":"Layer 2 Outlines 2 Comp 1","refId":"comp_1","sr":1,"ks":{"o":{"a":0,"k":100,"ix":11},"r":{"a":0,"k":0,"ix":10},"p":{"a":0,"k":[300,300,0],"ix":2},"a":{"a":0,"k":[300,300,0],"ix":1},"s":{"a":0,"k":[100,100,100],"ix":6}},"ao":0,"w":600,"h":600,"ip":46.9999882848719,"op":171.999957127616,"st":30.9999922730006,"bm":0},{"ddd":0,"ind":22,"ty":0,"nm":"Layer 2 Outlines 2 Comp 1","refId":"comp_1","sr":1,"ks":{"o":{"a":0,"k":100,"ix":11},"r":{"a":0,"k":0,"ix":10},"p":{"a":0,"k":[299,331.5,0],"ix":2},"a":{"a":0,"k":[300,300,0],"ix":1},"s":{"a":0,"k":[100,100,100],"ix":6}},"ao":0,"w":600,"h":600,"ip":53.9999865400656,"op":178.99995538281,"st":37.9999905281943,"bm":0},{"ddd":0,"ind":23,"ty":0,"nm":"Layer 2 Outlines 2 Comp 1","refId":"comp_1","sr":1,"ks":{"o":{"a":0,"k":100,"ix":11},"r":{"a":0,"k":0,"ix":10},"p":{"a":0,"k":[329.5,381.5,0],"ix":2},"a":{"a":0,"k":[300,300,0],"ix":1},"s":{"a":0,"k":[100,100,100],"ix":6}},"ao":0,"w":600,"h":600,"ip":57.9999855430334,"op":182.999954385778,"st":41.9999895311621,"bm":0},{"ddd":0,"ind":24,"ty":0,"nm":"Layer 2 Outlines 2 Comp 1","refId":"comp_1","sr":1,"ks":{"o":{"a":0,"k":100,"ix":11},"r":{"a":0,"k":0,"ix":10},"p":{"a":0,"k":[314.5,284,0],"ix":2},"a":{"a":0,"k":[300,300,0],"ix":1},"s":{"a":0,"k":[100,100,100],"ix":6}},"ao":0,"w":600,"h":600,"ip":62.9999842967432,"op":187.999953139488,"st":46.9999882848719,"bm":0},{"ddd":0,"ind":25,"ty":0,"nm":"Layer 2 Outlines 2 Comp 1","refId":"comp_1","sr":1,"ks":{"o":{"a":0,"k":100,"ix":11},"r":{"a":0,"k":0,"ix":10},"p":{"a":0,"k":[300,300,0],"ix":2},"a":{"a":0,"k":[300,300,0],"ix":1},"s":{"a":0,"k":[100,100,100],"ix":6}},"ao":0,"w":600,"h":600,"ip":37.9999905281943,"op":162.999959370939,"st":21.999994516323,"bm":0},{"ddd":0,"ind":26,"ty":0,"nm":"Layer 2 Outlines 2 Comp 1","refId":"comp_1","sr":1,"ks":{"o":{"a":0,"k":100,"ix":11},"r":{"a":0,"k":0,"ix":10},"p":{"a":0,"k":[299,331.5,0],"ix":2},"a":{"a":0,"k":[300,300,0],"ix":1},"s":{"a":0,"k":[100,100,100],"ix":6}},"ao":0,"w":600,"h":600,"ip":44.999988783388,"op":169.999957626132,"st":28.9999927715167,"bm":0},{"ddd":0,"ind":27,"ty":0,"nm":"Layer 2 Outlines 2 Comp 1","refId":"comp_1","sr":1,"ks":{"o":{"a":0,"k":100,"ix":11},"r":{"a":0,"k":0,"ix":10},"p":{"a":0,"k":[329.5,381.5,0],"ix":2},"a":{"a":0,"k":[300,300,0],"ix":1},"s":{"a":0,"k":[100,100,100],"ix":6}},"ao":0,"w":600,"h":600,"ip":48.9999877863558,"op":173.9999566291,"st":32.9999917744845,"bm":0},{"ddd":0,"ind":28,"ty":0,"nm":"Layer 2 Outlines 2 Comp 1","refId":"comp_1","sr":1,"ks":{"o":{"a":0,"k":100,"ix":11},"r":{"a":0,"k":0,"ix":10},"p":{"a":0,"k":[314.5,284,0],"ix":2},"a":{"a":0,"k":[300,300,0],"ix":1},"s":{"a":0,"k":[100,100,100],"ix":6}},"ao":0,"w":600,"h":600,"ip":53.9999865400656,"op":178.99995538281,"st":37.9999905281943,"bm":0},{"ddd":0,"ind":29,"ty":0,"nm":"Layer 2 Outlines 2 Comp 1","refId":"comp_1","sr":1,"ks":{"o":{"a":0,"k":100,"ix":11},"r":{"a":0,"k":0,"ix":10},"p":{"a":0,"k":[314.5,284,0],"ix":2},"a":{"a":0,"k":[300,300,0],"ix":1},"s":{"a":0,"k":[100,100,100],"ix":6}},"ao":0,"w":600,"h":600,"ip":31.9999920237425,"op":156.999960866487,"st":15.9999960118713,"bm":0},{"ddd":0,"ind":30,"ty":0,"nm":"Layer 2 Outlines 2 Comp 1","refId":"comp_1","sr":1,"ks":{"o":{"a":0,"k":100,"ix":11},"r":{"a":0,"k":0,"ix":10},"p":{"a":0,"k":[329.5,381.5,0],"ix":2},"a":{"a":0,"k":[300,300,0],"ix":1},"s":{"a":0,"k":[100,100,100],"ix":6}},"ao":0,"w":600,"h":600,"ip":26.9999932700328,"op":151.999962112777,"st":10.9999972581615,"bm":0},{"ddd":0,"ind":31,"ty":0,"nm":"Layer 2 Outlines 2 Comp 1","refId":"comp_1","sr":1,"ks":{"o":{"a":0,"k":100,"ix":11},"r":{"a":0,"k":0,"ix":10},"p":{"a":0,"k":[299,331.5,0],"ix":2},"a":{"a":0,"k":[300,300,0],"ix":1},"s":{"a":0,"k":[100,100,100],"ix":6}},"ao":0,"w":600,"h":600,"ip":22.999994267065,"op":147.999963109809,"st":6.99999825519368,"bm":0},{"ddd":0,"ind":32,"ty":0,"nm":"Layer 2 Outlines 2 Comp 1","refId":"comp_1","sr":1,"ks":{"o":{"a":0,"k":100,"ix":11},"r":{"a":0,"k":0,"ix":10},"p":{"a":0,"k":[300,300,0],"ix":2},"a":{"a":0,"k":[300,300,0],"ix":1},"s":{"a":0,"k":[100,100,100],"ix":6}},"ao":0,"w":600,"h":600,"ip":15.9999960118713,"op":140.999964854616,"st":0,"bm":0},{"ddd":0,"ind":33,"ty":4,"nm":"Layer 2 Outlines","sr":1,"ks":{"o":{"a":1,"k":[{"i":{"x":[0.667],"y":[1]},"o":{"x":[0.333],"y":[0]},"t":0,"s":[100]},{"t":17.9999955133552,"s":[0]}],"ix":11},"r":{"a":0,"k":0,"ix":10},"p":{"a":1,"k":[{"i":{"x":0.667,"y":1},"o":{"x":0.333,"y":0},"t":0,"s":[62.605,143.086,0],"to":[-14.5,0,0],"ti":[14.5,0,0]},{"t":17.9999955133552,"s":[-24.395,143.086,0]}],"ix":2},"a":{"a":0,"k":[14.638,5.74,0],"ix":1},"s":{"a":0,"k":[100,100,100],"ix":6}},"ao":0,"shapes":[{"ty":"gr","it":[{"ind":0,"ty":"sh","ix":1,"ks":{"a":0,"k":{"i":[[-8.035,5.123],[4.395,-0.82],[2.278,-0.836],[2.262,0.878]],"o":[[-2.627,-3.617],[-2.386,0.446],[-2.278,0.836],[6.978,6.488]],"v":[[14.388,0.366],[-0.437,-4.669],[-7.284,-2.229],[-14.388,-1.763]],"c":true},"ix":2},"nm":"Path 1","mn":"ADBE Vector Shape - Group","hd":false},{"ty":"fl","c":{"a":0,"k":[1,0.447000002394,0.368999974868,1],"ix":4},"o":{"a":0,"k":100,"ix":5},"r":1,"bm":0,"nm":"Fill 1","mn":"ADBE Vector Graphic - Fill","hd":false},{"ty":"tr","p":{"a":0,"k":[14.638,5.74],"ix":2},"a":{"a":0,"k":[0,0],"ix":1},"s":{"a":0,"k":[100,100],"ix":3},"r":{"a":0,"k":0,"ix":6},"o":{"a":0,"k":100,"ix":7},"sk":{"a":0,"k":0,"ix":4},"sa":{"a":0,"k":0,"ix":5},"nm":"Transform"}],"nm":"Group 1","np":4,"cix":2,"bm":0,"ix":1,"mn":"ADBE Vector Group","hd":false}],"ip":0,"op":140.999964854616,"st":0,"bm":0},{"ddd":0,"ind":34,"ty":4,"nm":"Layer 3 Outlines","sr":1,"ks":{"o":{"a":0,"k":100,"ix":11},"r":{"a":0,"k":0,"ix":10},"p":{"a":0,"k":[204.478,160.592,0],"ix":2},"a":{"a":0,"k":[17.416,6.197,0],"ix":1},"s":{"a":0,"k":[100,100,100],"ix":6}},"ao":0,"shapes":[{"ty":"gr","it":[{"ind":0,"ty":"sh","ix":1,"ks":{"a":0,"k":{"i":[[0.008,-0.005],[0.153,0.209],[0.308,0.385],[1.262,1.221],[2.002,1.175],[2.602,0.628],[2.314,-0.16],[1.674,-0.531],[0.878,-0.443],[0.233,-0.114],[0.005,0.009],[-0.221,0.135],[-0.441,0.222],[-1.681,0.555],[-2.338,0.172],[-2.638,-0.61],[-2.009,-1.201],[-1.251,-1.25],[-0.564,-0.811],[-0.144,-0.216]],"o":[[-0.008,0.005],[-0.158,-0.207],[-0.587,-0.789],[-1.26,-1.224],[-1.997,-1.178],[-2.609,-0.603],[-2.316,0.157],[-1.675,0.528],[-0.447,0.206],[-0.231,0.119],[-0.005,-0.007],[0.226,-0.129],[0.867,-0.473],[1.678,-0.558],[2.335,-0.175],[2.632,0.634],[2.015,1.199],[1.254,1.249],[0.296,0.396],[0.138,0.22]],"v":[[17.159,5.942],[16.913,5.63],[16.245,4.714],[13.482,1.606],[8.577,-2.107],[1.607,-4.92],[-5.887,-5.523],[-11.934,-4.395],[-15.796,-2.85],[-16.802,-2.331],[-17.161,-2.162],[-16.83,-2.379],[-15.843,-2.945],[-11.992,-4.578],[-5.904,-5.772],[1.669,-5.184],[8.704,-2.323],[13.617,1.468],[16.331,4.651],[16.96,5.599]],"c":true},"ix":2},"nm":"Path 1","mn":"ADBE Vector Shape - Group","hd":false},{"ty":"fl","c":{"a":0,"k":[0.149000010771,0.195999998205,0.219999994016,1],"ix":4},"o":{"a":0,"k":100,"ix":5},"r":1,"bm":0,"nm":"Fill 1","mn":"ADBE Vector Graphic - Fill","hd":false},{"ty":"tr","p":{"a":0,"k":[17.416,6.197],"ix":2},"a":{"a":0,"k":[0,0],"ix":1},"s":{"a":0,"k":[100,100],"ix":3},"r":{"a":0,"k":0,"ix":6},"o":{"a":0,"k":100,"ix":7},"sk":{"a":0,"k":0,"ix":4},"sa":{"a":0,"k":0,"ix":5},"nm":"Transform"}],"nm":"Group 1","np":4,"cix":2,"bm":0,"ix":1,"mn":"ADBE Vector Group","hd":false}],"ip":0,"op":140.999964854616,"st":0,"bm":0},{"ddd":0,"ind":35,"ty":4,"nm":"Layer 4 Outlines","sr":1,"ks":{"o":{"a":0,"k":100,"ix":11},"r":{"a":1,"k":[{"i":{"x":[0.667],"y":[1]},"o":{"x":[0.333],"y":[0]},"t":0,"s":[0]},{"t":127.99996809497,"s":[30]}],"ix":10},"p":{"a":0,"k":[201.977,182.236,0],"ix":2},"a":{"a":0,"k":[31.316,32.734,0],"ix":1},"s":{"a":0,"k":[100,100,100],"ix":6}},"ao":0,"shapes":[{"ty":"gr","it":[{"ind":0,"ty":"sh","ix":1,"ks":{"a":0,"k":{"i":[[0.004,-0.002],[0.064,0.129],[0.118,0.244],[0.19,0.364],[0.255,0.466],[0.338,0.552],[0.451,0.606],[1.383,1.306],[4.811,1.496],[2.734,0.039],[2.805,-0.73],[2.345,-1.404],[1.71,-1.835],[1.137,-3.615],[0.207,-1.497],[0.047,-0.645],[-0.004,-0.532],[-0.008,-0.412],[-0.017,-0.28],[-0.012,-0.156],[0.004,0],[0.018,0.143],[0.03,0.269],[0.025,0.41],[0.02,0.531],[-0.011,0.65],[-0.082,0.755],[-0.542,1.836],[-3.45,3.733],[-2.373,1.409],[-2.822,0.768],[-2.757,-0.056],[-2.415,-0.754],[-2.785,-2.605],[-0.918,-1.211],[-0.356,-0.544],[-0.256,-0.469],[-0.192,-0.366],[-0.116,-0.255],[-0.062,-0.144]],"o":[[-0.004,0.002],[-0.067,-0.141],[-0.124,-0.252],[-0.197,-0.361],[-0.261,-0.464],[-0.361,-0.537],[-0.924,-1.196],[-2.785,-2.571],[-2.396,-0.741],[-2.732,-0.051],[-2.797,0.761],[-2.353,1.393],[-3.43,3.691],[-0.55,1.821],[-0.089,0.75],[-0.019,0.647],[0.011,0.53],[0.017,0.41],[0.019,0.27],[0.008,0.144],[-0.005,0.001],[-0.018,-0.155],[-0.027,-0.28],[-0.016,-0.414],[-0.012,-0.535],[0.039,-0.649],[0.194,-1.506],[1.121,-3.645],[1.72,-1.856],[2.364,-1.419],[2.83,-0.737],[2.758,0.042],[4.85,1.523],[1.383,1.323],[0.447,0.614],[0.334,0.558],[0.246,0.472],[0.182,0.368],[0.107,0.249],[0.056,0.133]],"v":[[28.312,1.599],[28.208,1.408],[27.931,0.832],[27.48,-0.103],[26.802,-1.345],[25.873,-2.854],[24.653,-4.572],[21.206,-8.368],[9.763,-15.03],[2.014,-16.288],[-6.358,-15.281],[-14.123,-11.99],[-20.222,-7.044],[-26.836,4.427],[-27.938,9.435],[-28.143,11.531],[-28.198,13.302],[-28.169,14.717],[-28.095,15.753],[-28.049,16.389],[-28.043,16.608],[-28.077,16.393],[-28.149,15.758],[-28.25,14.723],[-28.304,13.303],[-28.272,11.525],[-28.089,9.415],[-27.02,4.371],[-20.406,-7.215],[-14.26,-12.217],[-6.428,-15.543],[2.02,-16.552],[9.837,-15.27],[21.337,-8.508],[24.774,-4.663],[25.981,-2.924],[26.895,-1.398],[27.553,-0.139],[27.981,0.809],[28.234,1.396]],"c":true},"ix":2},"nm":"Path 1","mn":"ADBE Vector Shape - Group","hd":false},{"ty":"fl","c":{"a":0,"k":[0.149000010771,0.195999998205,0.219999994016,1],"ix":4},"o":{"a":0,"k":100,"ix":5},"r":1,"bm":0,"nm":"Fill 1","mn":"ADBE Vector Graphic - Fill","hd":false},{"ty":"tr","p":{"a":0,"k":[28.566,16.859],"ix":2},"a":{"a":0,"k":[0,0],"ix":1},"s":{"a":0,"k":[100,100],"ix":3},"r":{"a":0,"k":0,"ix":6},"o":{"a":0,"k":100,"ix":7},"sk":{"a":0,"k":0,"ix":4},"sa":{"a":0,"k":0,"ix":5},"nm":"Transform"}],"nm":"Group 1","np":4,"cix":2,"bm":0,"ix":1,"mn":"ADBE Vector Group","hd":false}],"ip":0,"op":140.999964854616,"st":0,"bm":0},{"ddd":0,"ind":36,"ty":4,"nm":"Layer 5 Outlines","sr":1,"ks":{"o":{"a":0,"k":100,"ix":11},"r":{"a":1,"k":[{"i":{"x":[0.667],"y":[1]},"o":{"x":[0.333],"y":[0]},"t":0,"s":[-221]},{"i":{"x":[0.667],"y":[1]},"o":{"x":[0.333],"y":[0]},"t":11,"s":[-155]},{"i":{"x":[0.667],"y":[1]},"o":{"x":[0.333],"y":[0]},"t":20,"s":[-174]},{"i":{"x":[0.667],"y":[1]},"o":{"x":[0.333],"y":[0]},"t":42,"s":[-69]},{"i":{"x":[0.667],"y":[1]},"o":{"x":[0.333],"y":[0]},"t":49,"s":[-110]},{"i":{"x":[0.667],"y":[1]},"o":{"x":[0.333],"y":[0]},"t":67,"s":[-44]},{"i":{"x":[0.667],"y":[1]},"o":{"x":[0.333],"y":[0]},"t":74,"s":[-65]},{"i":{"x":[0.667],"y":[1]},"o":{"x":[0.333],"y":[0]},"t":94,"s":[-13]},{"i":{"x":[0.667],"y":[1]},"o":{"x":[0.333],"y":[0]},"t":102,"s":[-34]},{"i":{"x":[0.667],"y":[1]},"o":{"x":[0.333],"y":[0]},"t":119,"s":[39]},{"i":{"x":[0.667],"y":[1]},"o":{"x":[0.167],"y":[0]},"t":129,"s":[55]},{"t":139.999965103874,"s":[-221]}],"ix":10},"p":{"a":0,"k":[201.229,182.57,0],"ix":2},"a":{"a":0,"k":[4.661,10.221,0],"ix":1},"s":{"a":0,"k":[100,100,100],"ix":6}},"ao":0,"shapes":[{"ty":"gr","it":[{"ind":0,"ty":"sh","ix":1,"ks":{"a":0,"k":{"i":[[-0.702,-2.402],[0,0],[-2.141,0.607],[0,0],[0,0]],"o":[[0,0],[0.624,2.136],[0,0],[0,0],[-2.485,0.299]],"v":[[-26.959,3.977],[-26.959,3.977],[-21.964,6.74],[27.661,-7.346],[-23.554,-1.182]],"c":true},"ix":2},"nm":"Path 1","mn":"ADBE Vector Shape - Group","hd":false},{"ty":"fl","c":{"a":0,"k":[0.270999983245,0.352999997606,0.39199999641,1],"ix":4},"o":{"a":0,"k":100,"ix":5},"r":1,"bm":0,"nm":"Fill 1","mn":"ADBE Vector Graphic - Fill","hd":false},{"ty":"tr","p":{"a":0,"k":[27.911,7.597],"ix":2},"a":{"a":0,"k":[0,0],"ix":1},"s":{"a":0,"k":[100,100],"ix":3},"r":{"a":0,"k":0,"ix":6},"o":{"a":0,"k":100,"ix":7},"sk":{"a":0,"k":0,"ix":4},"sa":{"a":0,"k":0,"ix":5},"nm":"Transform"}],"nm":"Group 1","np":4,"cix":2,"bm":0,"ix":1,"mn":"ADBE Vector Group","hd":false}],"ip":0,"op":140.999964854616,"st":0,"bm":0},{"ddd":0,"ind":37,"ty":4,"nm":"Layer 6 Outlines","sr":1,"ks":{"o":{"a":0,"k":100,"ix":11},"r":{"a":0,"k":0,"ix":10},"p":{"a":0,"k":[201.723,182.969,0],"ix":2},"a":{"a":0,"k":[14.521,14.521,0],"ix":1},"s":{"a":0,"k":[100,100,100],"ix":6}},"ao":0,"shapes":[{"ty":"gr","it":[{"ind":0,"ty":"sh","ix":1,"ks":{"a":0,"k":{"i":[[0,-7.881],[7.882,0],[0,7.881],[-7.881,0]],"o":[[0,7.881],[-7.881,0],[0,-7.881],[7.882,0]],"v":[[14.271,0],[-0.001,14.271],[-14.271,0],[-0.001,-14.271]],"c":true},"ix":2},"nm":"Path 1","mn":"ADBE Vector Shape - Group","hd":false},{"ty":"fl","c":{"a":0,"k":[0.877999997606,0.877999997606,0.877999997606,1],"ix":4},"o":{"a":0,"k":100,"ix":5},"r":1,"bm":0,"nm":"Fill 1","mn":"ADBE Vector Graphic - Fill","hd":false},{"ty":"tr","p":{"a":0,"k":[14.521,14.521],"ix":2},"a":{"a":0,"k":[0,0],"ix":1},"s":{"a":0,"k":[100,100],"ix":3},"r":{"a":0,"k":0,"ix":6},"o":{"a":0,"k":100,"ix":7},"sk":{"a":0,"k":0,"ix":4},"sa":{"a":0,"k":0,"ix":5},"nm":"Transform"}],"nm":"Group 1","np":4,"cix":2,"bm":0,"ix":1,"mn":"ADBE Vector Group","hd":false}],"ip":0,"op":140.999964854616,"st":0,"bm":0},{"ddd":0,"ind":38,"ty":4,"nm":"Layer 7 Outlines","sr":1,"ks":{"o":{"a":0,"k":100,"ix":11},"r":{"a":0,"k":0,"ix":10},"p":{"a":0,"k":[200.958,182.969,0],"ix":2},"a":{"a":0,"k":[68.808,69.127,0],"ix":1},"s":{"a":0,"k":[100,100,100],"ix":6}},"ao":0,"shapes":[{"ty":"gr","it":[{"ind":0,"ty":"sh","ix":1,"ks":{"a":0,"k":{"i":[[0,0],[0.023,0.734],[0.016,0.543],[0.069,0.714],[0.069,0.881],[0.129,1.039],[0.648,2.642],[1.261,3.062],[2.004,3.304],[7.742,5.906],[4.83,2.195],[5.626,1.014],[6.072,-0.474],[3.069,-0.607],[3.027,-1.074],[2.898,-1.56],[2.702,-2.004],[2.441,-2.412],[2.081,-2.808],[1.653,-3.144],[0.353,-0.82],[0.369,-0.816],[0.544,-1.722],[0.555,-3.619],[0.025,-3.707],[-0.569,-3.616],[-1.121,-3.428],[0,0],[0,0],[0,0],[-0.328,-0.834],[-0.368,-0.813],[-0.393,-0.797],[-2.092,-2.802],[-2.411,-2.443],[-2.691,-2.017],[-2.886,-1.576],[-3.006,-1.13],[-3.062,-0.655],[-3.04,-0.18],[-5.617,1.038],[-4.826,2.192],[-3.854,2.961],[-3.958,6.616],[-1.236,3.067],[-0.697,2.627],[-0.291,2.073],[-0.089,0.879],[-0.056,0.714],[-0.013,0.543],[-0.011,0.369],[0,0],[0.014,-0.735],[0.011,-0.543],[0.064,-0.715],[0.064,-0.883],[0.124,-1.041],[0.642,-2.648],[1.256,-3.071],[2.001,-3.315],[7.756,-5.932],[4.842,-2.207],[5.644,-1.022],[6.093,0.47],[3.079,0.607],[3.04,1.076],[2.91,1.565],[2.714,2.01],[2.451,2.421],[2.091,2.819],[1.659,3.157],[0.355,0.823],[0.371,0.819],[0.332,0.839],[0,0],[0,0],[0,0],[0.559,3.634],[0.025,3.722],[-0.573,3.629],[-1.126,3.441],[-0.663,1.672],[-0.369,0.817],[-0.395,0.8],[-2.1,2.812],[-2.421,2.45],[-2.701,2.023],[-2.898,1.58],[-3.017,1.132],[-3.073,0.654],[-3.05,0.179],[-5.633,-1.045],[-4.84,-2.205],[-3.861,-2.974],[-3.955,-6.638],[-1.232,-3.075],[-0.69,-2.633],[-0.283,-2.078],[-0.086,-0.88],[-0.053,-0.715],[-0.008,-0.545],[-0.007,-0.368]],"o":[[0,0],[-0.011,-0.369],[-0.013,-0.544],[-0.057,-0.714],[-0.089,-0.879],[-0.292,-2.074],[-0.697,-2.627],[-1.236,-3.067],[-3.959,-6.616],[-3.855,-2.96],[-4.827,-2.192],[-5.616,-1.037],[-3.039,0.179],[-3.061,0.654],[-3.006,1.13],[-2.885,1.576],[-2.69,2.017],[-2.411,2.442],[-2.092,2.801],[-0.393,0.796],[-0.368,0.813],[-0.66,1.665],[-1.121,3.427],[-0.57,3.615],[0.024,3.708],[0.557,3.62],[0,0],[0,0],[0,0],[0.33,0.836],[0.369,0.816],[0.352,0.821],[1.652,3.145],[2.081,2.809],[2.442,2.412],[2.702,2.005],[2.898,1.56],[3.028,1.074],[3.068,0.607],[6.072,0.473],[5.626,-1.014],[4.83,-2.195],[7.741,-5.906],[2.004,-3.305],[1.26,-3.062],[0.648,-2.642],[0.129,-1.039],[0.07,-0.881],[0.069,-0.713],[0.016,-0.543],[0.023,-0.734],[0,0],[-0.007,0.368],[-0.008,0.544],[-0.053,0.714],[-0.086,0.88],[-0.284,2.078],[-0.69,2.633],[-1.231,3.075],[-3.955,6.639],[-3.861,2.974],[-4.84,2.204],[-5.634,1.046],[-3.051,-0.178],[-3.074,-0.655],[-3.017,-1.133],[-2.897,-1.581],[-2.701,-2.024],[-2.421,-2.451],[-2.1,-2.813],[-0.394,-0.8],[-0.369,-0.817],[-0.33,-0.837],[0,0],[0,0],[0,0],[-1.126,-3.442],[-0.572,-3.631],[0.025,-3.721],[0.558,-3.633],[0.546,-1.729],[0.371,-0.819],[0.355,-0.823],[1.659,-3.156],[2.09,-2.818],[2.451,-2.421],[2.713,-2.011],[2.909,-1.565],[3.039,-1.077],[3.08,-0.608],[6.093,-0.47],[5.644,1.023],[4.843,2.207],[7.756,5.931],[2.003,3.316],[1.256,3.071],[0.641,2.648],[0.125,1.041],[0.064,0.883],[0.064,0.714],[0.011,0.543],[0.014,0.735]],"v":[[68.558,0],[68.516,-1.11],[68.475,-2.478],[68.378,-4.367],[68.189,-6.761],[67.829,-9.636],[66.437,-16.728],[63.631,-25.328],[58.868,-34.97],[41.487,-54.416],[28.42,-62.228],[12.692,-67.195],[-4.941,-68.168],[-14.105,-66.888],[-23.246,-64.282],[-32.142,-60.304],[-40.565,-54.971],[-48.279,-48.326],[-55.032,-40.444],[-60.607,-31.472],[-61.797,-29.082],[-62.902,-26.639],[-64.788,-21.587],[-67.392,-11.012],[-68.286,-0.01],[-67.395,10.995],[-64.792,21.574],[-64.359,22.856],[-64.142,23.496],[-63.895,24.124],[-62.907,26.628],[-61.802,29.072],[-60.611,31.463],[-55.037,40.438],[-48.283,48.323],[-40.567,54.969],[-32.143,60.304],[-23.246,64.282],[-14.103,66.889],[-4.938,68.169],[12.696,67.194],[28.424,62.226],[41.491,54.413],[58.87,34.967],[63.633,25.325],[66.438,16.726],[67.829,9.635],[68.189,6.76],[68.378,4.366],[68.475,2.478],[68.516,1.11],[68.558,0],[68.544,1.111],[68.516,2.479],[68.433,4.37],[68.257,6.767],[67.91,9.646],[66.54,16.752],[63.753,25.373],[59.001,35.044],[41.607,54.565],[28.512,62.417],[12.737,67.416],[-4.955,68.407],[-14.153,67.128],[-23.332,64.518],[-32.264,60.529],[-40.722,55.178],[-48.469,48.509],[-55.252,40.596],[-60.85,31.587],[-62.046,29.187],[-63.155,26.733],[-64.148,24.219],[-64.396,23.588],[-64.613,22.946],[-65.048,21.66],[-67.663,11.039],[-68.558,-0.01],[-67.66,-11.055],[-65.044,-21.672],[-63.15,-26.744],[-62.041,-29.197],[-60.845,-31.596],[-55.247,-40.602],[-48.465,-48.512],[-40.719,-55.179],[-32.262,-60.529],[-23.332,-64.517],[-14.155,-67.127],[-4.958,-68.407],[12.733,-67.417],[28.507,-62.418],[41.603,-54.568],[58.998,-35.048],[63.752,-25.376],[66.54,-16.754],[67.909,-9.647],[68.257,-6.768],[68.433,-4.37],[68.516,-2.479],[68.544,-1.111]],"c":true},"ix":2},"nm":"Path 1","mn":"ADBE Vector Shape - Group","hd":false},{"ty":"fl","c":{"a":0,"k":[0.149000010771,0.195999998205,0.219999994016,1],"ix":4},"o":{"a":0,"k":100,"ix":5},"r":1,"bm":0,"nm":"Fill 1","mn":"ADBE Vector Graphic - Fill","hd":false},{"ty":"tr","p":{"a":0,"k":[68.808,69.127],"ix":2},"a":{"a":0,"k":[0,0],"ix":1},"s":{"a":0,"k":[100,100],"ix":3},"r":{"a":0,"k":0,"ix":6},"o":{"a":0,"k":100,"ix":7},"sk":{"a":0,"k":0,"ix":4},"sa":{"a":0,"k":0,"ix":5},"nm":"Transform"}],"nm":"Group 1","np":4,"cix":2,"bm":0,"ix":1,"mn":"ADBE Vector Group","hd":false}],"ip":0,"op":140.999964854616,"st":0,"bm":0},{"ddd":0,"ind":39,"ty":4,"nm":"Layer 8 Outlines","sr":1,"ks":{"o":{"a":0,"k":100,"ix":11},"r":{"a":0,"k":0,"ix":10},"p":{"a":0,"k":[201.722,172.598,0],"ix":2},"a":{"a":0,"k":[62.398,53.369,0],"ix":1},"s":{"a":0,"k":[100,100,100],"ix":6}},"ao":0,"shapes":[{"ty":"gr","it":[{"ind":0,"ty":"sh","ix":1,"ks":{"a":0,"k":{"i":[[-8.507,0.057],[-5.841,6.466],[0,0],[0.055,-16.488]],"o":[[0.061,-9.385],[0,0],[-10.528,11.094],[4.748,0.084]],"v":[[7.602,21.226],[17.075,-3.175],[-0.008,-21.295],[-17.075,21.252]],"c":true},"ix":2},"nm":"Path 1","mn":"ADBE Vector Shape - Group","hd":false},{"ty":"fl","c":{"a":1,"k":[{"i":{"x":[0.833],"y":[0.833]},"o":{"x":[0.167],"y":[0.167]},"t":0,"s":[0.909803926945,0.263002157211,0.171257197857,1]},{"t":19.9999950148391,"s":[0.909803926945,0.263002157211,0.171257197857,1]}],"ix":4},"o":{"a":0,"k":100,"ix":5},"r":1,"bm":0,"nm":"Fill 1","mn":"ADBE Vector Graphic - Fill","hd":false},{"ty":"tr","p":{"a":0,"k":[17.331,40.933],"ix":2},"a":{"a":0,"k":[0,0],"ix":1},"s":{"a":0,"k":[100,100],"ix":3},"r":{"a":0,"k":0,"ix":6},"o":{"a":0,"k":100,"ix":7},"sk":{"a":0,"k":0,"ix":4},"sa":{"a":0,"k":0,"ix":5},"nm":"Transform"}],"nm":"Group 1","np":4,"cix":2,"bm":0,"ix":1,"mn":"ADBE Vector Group","hd":false},{"ty":"gr","it":[{"ind":0,"ty":"sh","ix":1,"ks":{"a":0,"k":{"i":[[-10.813,0],[-0.654,-0.034],[0,0],[0,0],[0.483,0],[11.325,-11.93],[-4.733,-5.048]],"o":[[0.662,0],[0,0],[0,0],[-0.48,-0.011],[-17.747,0],[3.877,3.998],[6.729,-7.43]],"v":[[21.118,6.638],[23.09,6.692],[23.091,6.691],[23.254,-18.698],[21.814,-18.735],[-23.255,0.646],[-6.146,18.735]],"c":true},"ix":2},"nm":"Path 1","mn":"ADBE Vector Shape - Group","hd":false},{"ty":"fl","c":{"a":1,"k":[{"i":{"x":[0.667],"y":[1]},"o":{"x":[0.167],"y":[0]},"t":0,"s":[0.72549021244,0.138696655631,0.05690119043,1]},{"i":{"x":[0.667],"y":[1]},"o":{"x":[0.333],"y":[0]},"t":20,"s":[0.72549021244,0.138696655631,0.05690119043,1]},{"i":{"x":[0.667],"y":[1]},"o":{"x":[0.333],"y":[0]},"t":39,"s":[1,0.447058856487,0.368627458811,1]},{"i":{"x":[0.667],"y":[1]},"o":{"x":[0.333],"y":[0]},"t":58,"s":[0.72549021244,0.138696655631,0.05690119043,1]},{"i":{"x":[0.667],"y":[1]},"o":{"x":[0.333],"y":[0]},"t":77,"s":[0.72549021244,0.138696655631,0.05690119043,1]},{"i":{"x":[0.667],"y":[1]},"o":{"x":[0.333],"y":[0]},"t":96,"s":[1,0.447058856487,0.368627458811,1]},{"t":114.999971335325,"s":[0.72549021244,0.138696655631,0.05690119043,1]}],"ix":4},"o":{"a":0,"k":100,"ix":5},"r":1,"bm":0,"nm":"Fill 1","mn":"ADBE Vector Graphic - Fill","hd":false},{"ty":"tr","p":{"a":0,"k":[40.584,18.985],"ix":2},"a":{"a":0,"k":[0,0],"ix":1},"s":{"a":0,"k":[100,100],"ix":3},"r":{"a":0,"k":0,"ix":6},"o":{"a":0,"k":100,"ix":7},"sk":{"a":0,"k":0,"ix":4},"sa":{"a":0,"k":0,"ix":5},"nm":"Transform"}],"nm":"Group 2","np":4,"cix":2,"bm":0,"ix":2,"mn":"ADBE Vector Group","hd":false},{"ty":"gr","it":[{"ind":0,"ty":"sh","ix":1,"ks":{"a":0,"k":{"i":[[0,0],[-6.283,-6.643],[0,0],[16.867,0.385],[0,0]],"o":[[9.736,0.515],[0,0],[-10.975,-11.253],[0,0],[0,0]],"v":[[-21.605,6.963],[3.14,18.428],[21.605,0.306],[-21.44,-18.427],[-21.604,6.962]],"c":true},"ix":2},"nm":"Path 1","mn":"ADBE Vector Shape - Group","hd":false},{"ty":"fl","c":{"a":0,"k":[0.529411792755,0.07877061516,0.018685121089,1],"ix":4},"o":{"a":0,"k":100,"ix":5},"r":1,"bm":0,"nm":"Fill 1","mn":"ADBE Vector Graphic - Fill","hd":false},{"ty":"tr","p":{"a":0,"k":[85.279,18.714],"ix":2},"a":{"a":0,"k":[0,0],"ix":1},"s":{"a":0,"k":[100,100],"ix":3},"r":{"a":0,"k":0,"ix":6},"o":{"a":0,"k":100,"ix":7},"sk":{"a":0,"k":0,"ix":4},"sa":{"a":0,"k":0,"ix":5},"nm":"Transform"}],"nm":"Group 3","np":4,"cix":2,"bm":0,"ix":3,"mn":"ADBE Vector Group","hd":false},{"ty":"gr","it":[{"ind":0,"ty":"sh","ix":1,"ks":{"a":0,"k":{"i":[[-0.083,-9.657],[0,0],[10.852,11.129],[0,0]],"o":[[0,0],[-0.085,-16.753],[0,0],[6.163,6.516]],"v":[[-8.008,21.529],[18.06,21.528],[0.407,-21.53],[-18.059,-3.408]],"c":true},"ix":2},"nm":"Path 1","mn":"ADBE Vector Shape - Group","hd":false},{"ty":"fl","c":{"a":1,"k":[{"i":{"x":[0.667],"y":[1]},"o":{"x":[0.333],"y":[0]},"t":39,"s":[0.396078437567,0.053945522755,0.009319491684,1]},{"i":{"x":[0.667],"y":[1]},"o":{"x":[0.333],"y":[0]},"t":58,"s":[1,0.447058856487,0.368627458811,1]},{"i":{"x":[0.667],"y":[1]},"o":{"x":[0.333],"y":[0]},"t":77,"s":[0.396078437567,0.053945522755,0.009319491684,1]},{"i":{"x":[0.667],"y":[1]},"o":{"x":[0.333],"y":[0]},"t":96,"s":[0.396078437567,0.053945522755,0.009319491684,1]},{"i":{"x":[0.667],"y":[1]},"o":{"x":[0.333],"y":[0]},"t":115,"s":[1,0.447058856487,0.368627458811,1]},{"t":133.999966599422,"s":[0.396078437567,0.053945522755,0.009319491684,1]}],"ix":4},"o":{"a":0,"k":100,"ix":5},"r":1,"bm":0,"nm":"Fill 1","mn":"ADBE Vector Graphic - Fill","hd":false},{"ty":"tr","p":{"a":0,"k":[106.478,40.549],"ix":2},"a":{"a":0,"k":[0,0],"ix":1},"s":{"a":0,"k":[100,100],"ix":3},"r":{"a":0,"k":0,"ix":6},"o":{"a":0,"k":100,"ix":7},"sk":{"a":0,"k":0,"ix":4},"sa":{"a":0,"k":0,"ix":5},"nm":"Transform"}],"nm":"Group 4","np":4,"cix":2,"bm":0,"ix":4,"mn":"ADBE Vector Group","hd":false},{"ty":"gr","it":[{"ind":0,"ty":"sh","ix":1,"ks":{"a":0,"k":{"i":[[0,-0.107],[6.666,-6.656],[0,0],[0,17.238],[0,0.107],[0,0]],"o":[[0,10.165],[0,0],[11.335,-11.258],[0,-0.107],[0,0],[0.001,0.107]],"v":[[-7.64,-21.886],[-18.431,4.136],[0.073,22.205],[18.429,-21.886],[18.421,-22.205],[-7.648,-22.205]],"c":true},"ix":2},"nm":"Path 1","mn":"ADBE Vector Shape - Group","hd":false},{"ty":"fl","c":{"a":0,"k":[0.219607844949,0.02964640595,0.003444828792,1],"ix":4},"o":{"a":0,"k":100,"ix":5},"r":1,"bm":0,"nm":"Fill 1","mn":"ADBE Vector Graphic - Fill","hd":false},{"ty":"tr","p":{"a":0,"k":[106.117,84.284],"ix":2},"a":{"a":0,"k":[0,0],"ix":1},"s":{"a":0,"k":[100,100],"ix":3},"r":{"a":0,"k":0,"ix":6},"o":{"a":0,"k":100,"ix":7},"sk":{"a":0,"k":0,"ix":4},"sa":{"a":0,"k":0,"ix":5},"nm":"Transform"}],"nm":"Group 5","np":4,"cix":2,"bm":0,"ix":5,"mn":"ADBE Vector Group","hd":false},{"ty":"gr","it":[{"ind":0,"ty":"sh","ix":1,"ks":{"a":0,"k":{"i":[[0,0],[0,0],[0,0]],"o":[[0,0],[0,0],[0,0]],"v":[[-13.034,0.001],[13.034,0.001],[13.034,-0.001]],"c":true},"ix":2},"nm":"Path 1","mn":"ADBE Vector Shape - Group","hd":false},{"ty":"fl","c":{"a":0,"k":[1,0.447000002394,0.368999974868,1],"ix":4},"o":{"a":0,"k":100,"ix":5},"r":1,"bm":0,"nm":"Fill 1","mn":"ADBE Vector Graphic - Fill","hd":false},{"ty":"tr","p":{"a":0,"k":[111.504,62.078],"ix":2},"a":{"a":0,"k":[0,0],"ix":1},"s":{"a":0,"k":[100,100],"ix":3},"r":{"a":0,"k":0,"ix":6},"o":{"a":0,"k":100,"ix":7},"sk":{"a":0,"k":0,"ix":4},"sa":{"a":0,"k":0,"ix":5},"nm":"Transform"}],"nm":"Group 6","np":4,"cix":2,"bm":0,"ix":6,"mn":"ADBE Vector Group","hd":false},{"ty":"gr","it":[{"ind":0,"ty":"sh","ix":1,"ks":{"a":0,"k":{"i":[[-0.012,0.013],[3.877,3.998],[0.003,-0.002],[0,0]],"o":[[-4.733,-5.048],[-0.002,0.003],[0,0],[0.011,-0.013]],"v":[[8.558,9.025],[-8.551,-9.064],[-8.558,-9.057],[8.525,9.064]],"c":true},"ix":2},"nm":"Path 1","mn":"ADBE Vector Shape - Group","hd":false},{"ty":"fl","c":{"a":0,"k":[1,0.447000002394,0.368999974868,1],"ix":4},"o":{"a":0,"k":100,"ix":5},"r":1,"bm":0,"nm":"Fill 1","mn":"ADBE Vector Graphic - Fill","hd":false},{"ty":"tr","p":{"a":0,"k":[25.881,28.695],"ix":2},"a":{"a":0,"k":[0,0],"ix":1},"s":{"a":0,"k":[100,100],"ix":3},"r":{"a":0,"k":0,"ix":6},"o":{"a":0,"k":100,"ix":7},"sk":{"a":0,"k":0,"ix":4},"sa":{"a":0,"k":0,"ix":5},"nm":"Transform"}],"nm":"Group 7","np":4,"cix":2,"bm":0,"ix":7,"mn":"ADBE Vector Group","hd":false},{"ty":"gr","it":[{"ind":0,"ty":"sh","ix":1,"ks":{"a":0,"k":{"i":[[0,0.107],[0,0],[10.853,11.128],[16.867,0.385],[0.483,0],[11.324,-11.93],[0.003,-0.003],[0.055,-16.488],[0,-0.071],[-11.001,-11.211],[0,0],[0,9.768],[0,0.08],[-5.841,6.466],[-0.012,0.012],[-10.813,0],[-0.653,-0.035],[-6.282,-6.644],[-0.083,-9.658],[0,-0.107],[6.666,-6.656],[0,0],[0,17.238]],"o":[[0,0],[-0.085,-16.752],[-10.975,-11.254],[-0.481,-0.011],[-17.747,0],[-0.002,0.002],[-10.528,11.094],[-0.001,0.071],[0,16.948],[0,0],[-6.213,-6.586],[0,-0.08],[0.061,-9.385],[0.011,-0.012],[6.728,-7.43],[0.661,0],[9.737,0.514],[6.162,6.516],[0.001,0.106],[0,10.165],[0,0],[11.334,-11.259],[0,-0.107]],"v":[[62.14,8.709],[62.14,8.708],[44.486,-34.35],[1.441,-53.083],[0,-53.119],[-45.068,-33.739],[-45.075,-33.731],[-62.142,8.816],[-62.148,9.028],[-44.355,52.544],[-27.442,34.255],[-37.471,9.028],[-37.465,8.79],[-27.992,-15.611],[-27.959,-15.649],[-0.695,-27.747],[1.276,-27.692],[26.021,-16.227],[36.072,8.709],[36.079,9.028],[25.289,35.05],[43.793,53.119],[62.148,9.028]],"c":true},"ix":2},"nm":"Path 1","mn":"ADBE Vector Shape - Group","hd":false},{"ty":"fl","c":{"a":0,"k":[1,0.447000002394,0.368999974868,1],"ix":4},"o":{"a":0,"k":100,"ix":5},"r":1,"bm":0,"nm":"Fill 1","mn":"ADBE Vector Graphic - Fill","hd":false},{"ty":"tr","p":{"a":0,"k":[62.398,53.37],"ix":2},"a":{"a":0,"k":[0,0],"ix":1},"s":{"a":0,"k":[100,100],"ix":3},"r":{"a":0,"k":0,"ix":6},"o":{"a":0,"k":100,"ix":7},"sk":{"a":0,"k":0,"ix":4},"sa":{"a":0,"k":0,"ix":5},"nm":"Transform"}],"nm":"Group 8","np":4,"cix":2,"bm":0,"ix":8,"mn":"ADBE Vector Group","hd":false}],"ip":0,"op":140.999964854616,"st":0,"bm":0},{"ddd":0,"ind":40,"ty":4,"nm":"Layer 9 Outlines","sr":1,"ks":{"o":{"a":0,"k":100,"ix":11},"r":{"a":0,"k":0,"ix":10},"p":{"a":0,"k":[201.026,182.969,0],"ix":2},"a":{"a":0,"k":[68.74,68.74,0],"ix":1},"s":{"a":0,"k":[100,100,100],"ix":6}},"ao":0,"shapes":[{"ty":"gr","it":[{"ind":0,"ty":"sh","ix":1,"ks":{"a":0,"k":{"i":[[0,-37.826],[37.826,0],[0,37.826],[-37.826,0]],"o":[[0,37.826],[-37.826,0],[0,-37.826],[37.826,0]],"v":[[68.49,0],[0,68.49],[-68.49,0],[0,-68.49]],"c":true},"ix":2},"nm":"Path 1","mn":"ADBE Vector Shape - Group","hd":false},{"ty":"fl","c":{"a":0,"k":[0.961000031116,0.961000031116,0.961000031116,1],"ix":4},"o":{"a":0,"k":100,"ix":5},"r":1,"bm":0,"nm":"Fill 1","mn":"ADBE Vector Graphic - Fill","hd":false},{"ty":"tr","p":{"a":0,"k":[68.74,68.74],"ix":2},"a":{"a":0,"k":[0,0],"ix":1},"s":{"a":0,"k":[100,100],"ix":3},"r":{"a":0,"k":0,"ix":6},"o":{"a":0,"k":100,"ix":7},"sk":{"a":0,"k":0,"ix":4},"sa":{"a":0,"k":0,"ix":5},"nm":"Transform"}],"nm":"Group 1","np":4,"cix":2,"bm":0,"ix":1,"mn":"ADBE Vector Group","hd":false}],"ip":0,"op":140.999964854616,"st":0,"bm":0},{"ddd":0,"ind":41,"ty":4,"nm":"Layer 10 Outlines","sr":1,"ks":{"o":{"a":0,"k":100,"ix":11},"r":{"a":0,"k":0,"ix":10},"p":{"a":0,"k":[165.206,173.308,0],"ix":2},"a":{"a":0,"k":[91.851,75.25,0],"ix":1},"s":{"a":0,"k":[100,100,100],"ix":6}},"ao":0,"shapes":[{"ty":"gr","it":[{"ind":0,"ty":"sh","ix":1,"ks":{"a":1,"k":[{"i":{"x":0.667,"y":1},"o":{"x":0.333,"y":0},"t":0,"s":[{"i":[[27.004,1.723],[9.039,0.554],[9.206,0.79],[7.21,-5.78],[-6.468,-4.96],[10.4,-0.981],[5.919,-8.608],[-5.272,-8.974],[12.314,-0.295],[-10.32,-3.689],[-4.074,-10.174],[4.128,-0.716],[-9.441,-5.132],[-9.503,5.018],[0,0]],"o":[[-9.037,-0.577],[-9.223,-0.564],[-9.207,-0.79],[7.939,1.846],[-10.244,2.049],[-10.4,0.982],[10.142,-2.339],[-8.933,8.481],[2.458,10.68],[10.319,3.689],[-4.127,0.716],[8.5,6.574],[9.44,5.132],[0,0],[-7.207,-26.081]],"v":[[32.548,-70.543],[5.395,-70.376],[-22.047,-74.21],[-48.387,-68.071],[-26.444,-57.705],[-57.685,-55.695],[-85.014,-42.537],[-58.212,-31],[-91.601,-17.208],[-67.292,2.746],[-41.216,20.999],[-53.598,23.147],[-7.953,68.215],[22.941,69.982],[91.601,-22.548]],"c":true}]},{"i":{"x":0.667,"y":1},"o":{"x":0.333,"y":0},"t":13,"s":[{"i":[[27.004,1.723],[9.039,0.554],[9.206,0.79],[7.21,-5.78],[-6.468,-4.96],[10.4,-0.981],[7.433,-9.397],[-5.272,-8.974],[2.605,-2.899],[-10.32,-3.689],[-4.074,-10.174],[4.128,-0.716],[-37.253,-15.024],[-9.503,5.018],[0,0]],"o":[[-9.037,-0.577],[-9.223,-0.564],[-9.207,-0.79],[7.939,1.846],[-10.244,2.049],[-10.4,0.982],[10.142,-2.339],[-8.933,8.481],[-2.605,2.899],[10.319,3.689],[-4.127,0.716],[8.5,6.574],[9.965,4.019],[0,0],[-7.207,-26.081]],"v":[[32.548,-70.543],[5.395,-70.376],[-22.047,-74.21],[-65.762,-68.196],[-26.444,-57.705],[-57.685,-55.695],[-96.889,-39.787],[-58.212,-31],[-114.226,-17.208],[-67.292,2.746],[-41.216,20.999],[-67.348,24.897],[-7.953,68.215],[22.941,69.982],[91.601,-22.548]],"c":true}]},{"i":{"x":0.667,"y":1},"o":{"x":0.333,"y":0},"t":23,"s":[{"i":[[27.004,1.723],[9.039,0.554],[9.206,0.79],[7.21,-5.78],[-6.468,-4.96],[10.4,-0.981],[5.919,-8.608],[-5.272,-8.974],[12.314,-0.295],[-10.32,-3.689],[-4.074,-10.174],[4.128,-0.716],[-9.441,-5.132],[-9.503,5.018],[0,0]],"o":[[-9.037,-0.577],[-9.223,-0.564],[-9.207,-0.79],[7.939,1.846],[-10.244,2.049],[-10.4,0.982],[10.142,-2.339],[-8.933,8.481],[2.458,10.68],[10.319,3.689],[-4.127,0.716],[8.5,6.574],[9.44,5.132],[0,0],[-7.207,-26.081]],"v":[[32.548,-70.543],[5.395,-70.376],[-22.047,-74.21],[-48.387,-68.071],[-26.444,-57.705],[-57.685,-55.695],[-85.014,-42.537],[-58.212,-31],[-91.601,-17.208],[-67.292,2.746],[-41.216,20.999],[-53.598,23.147],[-7.953,68.215],[22.941,69.982],[91.601,-22.548]],"c":true}]},{"i":{"x":0.667,"y":1},"o":{"x":0.333,"y":0},"t":41,"s":[{"i":[[27.004,1.723],[9.039,0.554],[9.206,0.79],[22.681,17.012],[-6.468,-4.96],[10.4,-0.981],[31.558,1.978],[-5.272,-8.974],[-11.52,-3.399],[-4.789,-12.679],[-4.074,-10.174],[4.128,-0.716],[-9.441,-5.132],[-9.503,5.018],[0,0]],"o":[[-9.037,-0.577],[-9.223,-0.564],[-9.207,-0.79],[-16.819,30.262],[-10.244,2.049],[-10.4,0.982],[-3.442,13.728],[-19.119,6.816],[11.52,3.399],[3.872,10.252],[-5.99,9.443],[-3.358,12.419],[9.44,5.132],[0,0],[-7.207,-26.081]],"v":[[32.548,-70.543],[5.395,-70.376],[-22.047,-74.21],[-68.887,-84.571],[-26.444,-57.705],[-56.56,-54.445],[-105.264,-44.536],[-58.212,-31],[-107.101,-14.833],[-67.292,2.746],[-41.216,20.999],[-65.973,20.397],[-7.953,68.215],[22.941,69.982],[91.601,-22.548]],"c":true}]},{"i":{"x":0.667,"y":1},"o":{"x":0.167,"y":0},"t":50,"s":[{"i":[[27.004,1.723],[9.039,0.554],[9.206,0.79],[7.21,-5.78],[-6.468,-4.96],[10.4,-0.981],[5.919,-8.608],[-5.272,-8.974],[12.314,-0.295],[-10.32,-3.689],[-4.074,-10.174],[4.128,-0.716],[-9.441,-5.132],[-9.503,5.018],[0,0]],"o":[[-9.037,-0.577],[-9.223,-0.564],[-9.207,-0.79],[7.939,1.846],[-10.244,2.049],[-10.4,0.982],[10.142,-2.339],[-8.933,8.481],[2.458,10.68],[10.319,3.689],[-4.127,0.716],[8.5,6.574],[9.44,5.132],[0,0],[-7.207,-26.081]],"v":[[32.548,-70.543],[5.395,-70.376],[-22.047,-74.21],[-48.387,-68.071],[-26.444,-57.705],[-57.685,-55.695],[-85.014,-42.537],[-58.212,-31],[-91.601,-17.208],[-67.292,2.746],[-41.216,20.999],[-53.598,23.147],[-7.953,68.215],[22.941,69.982],[91.601,-22.548]],"c":true}]},{"i":{"x":0.667,"y":1},"o":{"x":0.333,"y":0},"t":66,"s":[{"i":[[27.004,1.723],[9.039,0.554],[9.206,0.79],[22.681,17.012],[-6.468,-4.96],[10.4,-0.981],[31.558,1.978],[-5.272,-8.974],[-11.52,-3.399],[-4.789,-12.679],[-4.074,-10.174],[4.128,-0.716],[-9.441,-5.132],[-9.503,5.018],[0,0]],"o":[[-9.037,-0.577],[-9.223,-0.564],[-9.207,-0.79],[-16.819,30.262],[-10.244,2.049],[-10.4,0.982],[-3.442,13.728],[-19.119,6.816],[11.52,3.399],[3.872,10.252],[-5.99,9.443],[-3.358,12.419],[9.44,5.132],[0,0],[-7.207,-26.081]],"v":[[32.548,-70.543],[5.395,-70.376],[-22.047,-74.21],[-68.887,-84.571],[-26.444,-57.705],[-56.56,-54.445],[-105.264,-44.536],[-58.212,-31],[-107.101,-14.833],[-67.292,2.746],[-41.216,20.999],[-65.973,20.397],[-7.953,68.215],[22.941,69.982],[91.601,-22.548]],"c":true}]},{"i":{"x":0.667,"y":1},"o":{"x":0.167,"y":0},"t":73,"s":[{"i":[[27.004,1.723],[9.039,0.554],[9.206,0.79],[7.21,-5.78],[-6.468,-4.96],[10.4,-0.981],[5.919,-8.608],[-5.272,-8.974],[12.314,-0.295],[-10.32,-3.689],[-4.074,-10.174],[4.128,-0.716],[-9.441,-5.132],[-9.503,5.018],[0,0]],"o":[[-9.037,-0.577],[-9.223,-0.564],[-9.207,-0.79],[7.939,1.846],[-10.244,2.049],[-10.4,0.982],[10.142,-2.339],[-8.933,8.481],[2.458,10.68],[10.319,3.689],[-4.127,0.716],[8.5,6.574],[9.44,5.132],[0,0],[-7.207,-26.081]],"v":[[32.548,-70.543],[5.395,-70.376],[-22.047,-74.21],[-48.387,-68.071],[-26.444,-57.705],[-57.685,-55.695],[-85.014,-42.537],[-58.212,-31],[-91.601,-17.208],[-67.292,2.746],[-41.216,20.999],[-53.598,23.147],[-7.953,68.215],[22.941,69.982],[91.601,-22.548]],"c":true}]},{"i":{"x":0.667,"y":1},"o":{"x":0.333,"y":0},"t":97,"s":[{"i":[[27.004,1.723],[9.039,0.554],[9.206,0.79],[22.681,17.012],[-6.468,-4.96],[10.4,-0.981],[31.558,1.978],[-5.272,-8.974],[-11.52,-3.399],[-4.789,-12.679],[-4.074,-10.174],[4.128,-0.716],[-9.441,-5.132],[-9.503,5.018],[0,0]],"o":[[-9.037,-0.577],[-9.223,-0.564],[-9.207,-0.79],[-16.819,30.262],[-10.244,2.049],[-10.4,0.982],[-3.442,13.728],[-19.119,6.816],[11.52,3.399],[3.872,10.252],[-5.99,9.443],[-3.358,12.419],[9.44,5.132],[0,0],[-7.207,-26.081]],"v":[[32.548,-70.543],[5.395,-70.376],[-22.047,-74.21],[-68.887,-84.571],[-26.444,-57.705],[-56.56,-54.445],[-105.264,-44.536],[-58.212,-31],[-107.101,-14.833],[-67.292,2.746],[-41.216,20.999],[-65.973,20.397],[-7.953,68.215],[22.941,69.982],[91.601,-22.548]],"c":true}]},{"i":{"x":0.667,"y":1},"o":{"x":0.167,"y":0},"t":102,"s":[{"i":[[27.004,1.723],[9.039,0.554],[9.206,0.79],[7.21,-5.78],[-6.468,-4.96],[10.4,-0.981],[5.919,-8.608],[-5.272,-8.974],[12.314,-0.295],[-10.32,-3.689],[-4.074,-10.174],[4.128,-0.716],[-9.441,-5.132],[-9.503,5.018],[0,0]],"o":[[-9.037,-0.577],[-9.223,-0.564],[-9.207,-0.79],[7.939,1.846],[-10.244,2.049],[-10.4,0.982],[10.142,-2.339],[-8.933,8.481],[2.458,10.68],[10.319,3.689],[-4.127,0.716],[8.5,6.574],[9.44,5.132],[0,0],[-7.207,-26.081]],"v":[[32.548,-70.543],[5.395,-70.376],[-22.047,-74.21],[-48.387,-68.071],[-26.444,-57.705],[-57.685,-55.695],[-85.014,-42.537],[-58.212,-31],[-91.601,-17.208],[-67.292,2.746],[-41.216,20.999],[-53.598,23.147],[-7.953,68.215],[22.941,69.982],[91.601,-22.548]],"c":true}]},{"i":{"x":0.667,"y":1},"o":{"x":0.333,"y":0},"t":124,"s":[{"i":[[27.004,1.723],[9.039,0.554],[9.206,0.79],[22.681,17.012],[-6.468,-4.96],[10.4,-0.981],[31.558,1.978],[-5.272,-8.974],[-11.52,-3.399],[-4.789,-12.679],[-4.074,-10.174],[4.128,-0.716],[-9.441,-5.132],[-9.503,5.018],[0,0]],"o":[[-9.037,-0.577],[-9.223,-0.564],[-9.207,-0.79],[-16.819,30.262],[-10.244,2.049],[-10.4,0.982],[-3.442,13.728],[-19.119,6.816],[11.52,3.399],[3.872,10.252],[-5.99,9.443],[-3.358,12.419],[9.44,5.132],[0,0],[-7.207,-26.081]],"v":[[32.548,-70.543],[5.395,-70.376],[-22.047,-74.21],[-68.887,-84.571],[-26.444,-57.705],[-56.56,-54.445],[-105.264,-44.536],[-58.212,-31],[-107.101,-14.833],[-67.292,2.746],[-41.216,20.999],[-65.973,20.397],[-7.953,68.215],[22.941,69.982],[91.601,-22.548]],"c":true}]},{"i":{"x":0.667,"y":1},"o":{"x":0.167,"y":0},"t":134,"s":[{"i":[[27.004,1.723],[9.039,0.554],[9.206,0.79],[7.21,-5.78],[-6.468,-4.96],[10.4,-0.981],[5.919,-8.608],[-5.272,-8.974],[12.314,-0.295],[-10.32,-3.689],[-4.074,-10.174],[4.128,-0.716],[-9.441,-5.132],[-9.503,5.018],[0,0]],"o":[[-9.037,-0.577],[-9.223,-0.564],[-9.207,-0.79],[7.939,1.846],[-10.244,2.049],[-10.4,0.982],[10.142,-2.339],[-8.933,8.481],[2.458,10.68],[10.319,3.689],[-4.127,0.716],[8.5,6.574],[9.44,5.132],[0,0],[-7.207,-26.081]],"v":[[32.548,-70.543],[5.395,-70.376],[-22.047,-74.21],[-48.387,-68.071],[-26.444,-57.705],[-57.685,-55.695],[-85.014,-42.537],[-58.212,-31],[-91.601,-17.208],[-67.292,2.746],[-41.216,20.999],[-53.598,23.147],[-7.953,68.215],[22.941,69.982],[91.601,-22.548]],"c":true}]},{"i":{"x":0.667,"y":1},"o":{"x":0.333,"y":0},"t":138,"s":[{"i":[[27.004,1.723],[9.039,0.554],[9.206,0.79],[22.681,17.012],[-6.468,-4.96],[10.4,-0.981],[31.558,1.978],[-5.272,-8.974],[-11.52,-3.399],[-4.789,-12.679],[-4.074,-10.174],[4.128,-0.716],[-9.441,-5.132],[-9.503,5.018],[0,0]],"o":[[-9.037,-0.577],[-9.223,-0.564],[-9.207,-0.79],[-16.819,30.262],[-10.244,2.049],[-10.4,0.982],[-3.442,13.728],[-19.119,6.816],[11.52,3.399],[3.872,10.252],[-5.99,9.443],[-3.358,12.419],[9.44,5.132],[0,0],[-7.207,-26.081]],"v":[[32.548,-70.543],[5.395,-70.376],[-22.047,-74.21],[-68.887,-84.571],[-26.444,-57.705],[-56.56,-54.445],[-105.264,-44.536],[-58.212,-31],[-107.101,-14.833],[-67.292,2.746],[-41.216,20.999],[-65.973,20.397],[-7.953,68.215],[22.941,69.982],[91.601,-22.548]],"c":true}]},{"t":139.999965103874,"s":[{"i":[[27.004,1.723],[9.039,0.554],[9.206,0.79],[7.21,-5.78],[-6.468,-4.96],[10.4,-0.981],[5.919,-8.608],[-5.272,-8.974],[12.314,-0.295],[-10.32,-3.689],[-4.074,-10.174],[4.128,-0.716],[-9.441,-5.132],[-9.503,5.018],[0,0]],"o":[[-9.037,-0.577],[-9.223,-0.564],[-9.207,-0.79],[7.939,1.846],[-10.244,2.049],[-10.4,0.982],[10.142,-2.339],[-8.933,8.481],[2.458,10.68],[10.319,3.689],[-4.127,0.716],[8.5,6.574],[9.44,5.132],[0,0],[-7.207,-26.081]],"v":[[32.548,-70.543],[5.395,-70.376],[-22.047,-74.21],[-48.387,-68.071],[-26.444,-57.705],[-57.685,-55.695],[-85.014,-42.537],[-58.212,-31],[-91.601,-17.208],[-67.292,2.746],[-41.216,20.999],[-53.598,23.147],[-7.953,68.215],[22.941,69.982],[91.601,-22.548]],"c":true}]}],"ix":2},"nm":"Path 1","mn":"ADBE Vector Shape - Group","hd":false},{"ty":"fl","c":{"a":0,"k":[1,0.447000002394,0.368999974868,1],"ix":4},"o":{"a":0,"k":100,"ix":5},"r":1,"bm":0,"nm":"Fill 1","mn":"ADBE Vector Graphic - Fill","hd":false},{"ty":"tr","p":{"a":0,"k":[91.851,75.25],"ix":2},"a":{"a":0,"k":[0,0],"ix":1},"s":{"a":0,"k":[100,100],"ix":3},"r":{"a":0,"k":0,"ix":6},"o":{"a":0,"k":100,"ix":7},"sk":{"a":0,"k":0,"ix":4},"sa":{"a":0,"k":0,"ix":5},"nm":"Transform"}],"nm":"Group 1","np":4,"cix":2,"bm":0,"ix":1,"mn":"ADBE Vector Group","hd":false},{"ty":"gr","it":[{"ind":0,"ty":"sh","ix":1,"ks":{"a":0,"k":{"i":[[27.004,1.723],[9.039,0.554],[9.206,0.79],[7.21,-5.78],[-6.468,-4.96],[10.4,-0.981],[5.919,-8.608],[-5.272,-8.974],[12.314,-0.295],[-10.32,-3.689],[-4.074,-10.174],[4.128,-0.716],[-9.441,-5.132],[-9.503,5.018],[0,0]],"o":[[-9.037,-0.577],[-9.223,-0.564],[-9.207,-0.79],[7.939,1.846],[-10.244,2.049],[-10.4,0.982],[10.142,-2.339],[-8.933,8.481],[2.458,10.68],[10.319,3.689],[-4.127,0.716],[8.5,6.574],[9.44,5.132],[0,0],[-7.207,-26.081]],"v":[[124.399,4.707],[97.246,4.874],[69.804,1.04],[43.464,7.179],[65.407,17.545],[34.166,19.555],[6.837,32.713],[33.639,44.25],[0.25,58.042],[24.559,77.995],[50.635,96.248],[38.253,98.397],[83.898,143.465],[114.792,145.231],[183.452,52.701]],"c":true},"ix":2},"nm":"Path 1","mn":"ADBE Vector Shape - Group","hd":false},{"ty":"tr","p":{"a":0,"k":[0,0],"ix":2},"a":{"a":0,"k":[0,0],"ix":1},"s":{"a":0,"k":[100,100],"ix":3},"r":{"a":0,"k":0,"ix":6},"o":{"a":0,"k":100,"ix":7},"sk":{"a":0,"k":0,"ix":4},"sa":{"a":0,"k":0,"ix":5},"nm":"Transform"}],"nm":"Group 2","np":1,"cix":2,"bm":0,"ix":2,"mn":"ADBE Vector Group","hd":false},{"ty":"gr","it":[{"ind":0,"ty":"sh","ix":1,"ks":{"a":0,"k":{"i":[[27.004,1.723],[9.039,0.554],[9.206,0.79],[7.21,-5.78],[-6.468,-4.96],[10.4,-0.981],[5.919,-8.608],[-5.272,-8.974],[12.314,-0.295],[-10.32,-3.689],[-4.074,-10.174],[4.128,-0.716],[-9.441,-5.132],[-9.503,5.018],[0,0]],"o":[[-9.037,-0.577],[-9.223,-0.564],[-9.207,-0.79],[7.939,1.846],[-10.244,2.049],[-10.4,0.982],[10.142,-2.339],[-8.933,8.481],[2.458,10.68],[10.319,3.689],[-4.127,0.716],[8.5,6.574],[9.44,5.132],[0,0],[-7.207,-26.081]],"v":[[124.399,4.707],[97.246,4.874],[69.804,1.04],[43.464,7.179],[65.407,17.545],[34.166,19.555],[6.837,32.713],[33.639,44.25],[0.25,58.042],[24.559,77.995],[50.635,96.248],[38.253,98.397],[83.898,143.465],[114.792,145.231],[183.452,52.701]],"c":true},"ix":2},"nm":"Path 1","mn":"ADBE Vector Shape - Group","hd":false},{"ty":"tr","p":{"a":0,"k":[0,0],"ix":2},"a":{"a":0,"k":[0,0],"ix":1},"s":{"a":0,"k":[100,100],"ix":3},"r":{"a":0,"k":0,"ix":6},"o":{"a":0,"k":100,"ix":7},"sk":{"a":0,"k":0,"ix":4},"sa":{"a":0,"k":0,"ix":5},"nm":"Transform"}],"nm":"Group 3","np":1,"cix":2,"bm":0,"ix":3,"mn":"ADBE Vector Group","hd":false},{"ty":"gr","it":[{"ind":0,"ty":"sh","ix":1,"ks":{"a":0,"k":{"i":[[27.004,1.723],[9.039,0.554],[9.206,0.79],[7.21,-5.78],[-6.468,-4.96],[10.4,-0.981],[5.919,-8.608],[-5.272,-8.974],[12.314,-0.295],[-10.32,-3.689],[-4.074,-10.174],[4.128,-0.716],[-9.441,-5.132],[-9.503,5.018],[0,0]],"o":[[-9.037,-0.577],[-9.223,-0.564],[-9.207,-0.79],[7.939,1.846],[-10.244,2.049],[-10.4,0.982],[10.142,-2.339],[-8.933,8.481],[2.458,10.68],[10.319,3.689],[-4.127,0.716],[8.5,6.574],[9.44,5.132],[0,0],[-7.207,-26.081]],"v":[[124.399,4.707],[97.246,4.874],[69.804,1.04],[43.464,7.179],[65.407,17.545],[34.166,19.555],[6.837,32.713],[33.639,44.25],[0.25,58.042],[24.559,77.995],[50.635,96.248],[38.253,98.397],[83.898,143.465],[114.792,145.231],[183.452,52.701]],"c":true},"ix":2},"nm":"Path 1","mn":"ADBE Vector Shape - Group","hd":false},{"ty":"tr","p":{"a":0,"k":[0,0],"ix":2},"a":{"a":0,"k":[0,0],"ix":1},"s":{"a":0,"k":[100,100],"ix":3},"r":{"a":0,"k":0,"ix":6},"o":{"a":0,"k":100,"ix":7},"sk":{"a":0,"k":0,"ix":4},"sa":{"a":0,"k":0,"ix":5},"nm":"Transform"}],"nm":"Group 4","np":1,"cix":2,"bm":0,"ix":4,"mn":"ADBE Vector Group","hd":false}],"ip":0,"op":140.999964854616,"st":0,"bm":0}]},{"id":"comp_1","layers":[{"ddd":0,"ind":1,"ty":4,"nm":"Layer 2 Outlines 2","sr":1,"ks":{"o":{"a":1,"k":[{"i":{"x":[0.667],"y":[1]},"o":{"x":[0.333],"y":[0]},"t":16,"s":[0]},{"i":{"x":[0.667],"y":[1]},"o":{"x":[0.333],"y":[0]},"t":19,"s":[100]},{"t":40.9999897804201,"s":[0]}],"ix":11},"r":{"a":0,"k":0,"ix":10},"p":{"a":1,"k":[{"i":{"x":0.667,"y":1},"o":{"x":0.333,"y":0},"t":16,"s":[62.605,113.086,0],"to":[-13.833,0,0],"ti":[13.833,0,0]},{"t":40.9999897804201,"s":[-20.395,113.086,0]}],"ix":2},"a":{"a":0,"k":[14.638,5.74,0],"ix":1},"s":{"a":0,"k":[100,100,100],"ix":6}},"ao":0,"shapes":[{"ty":"gr","it":[{"ind":0,"ty":"sh","ix":1,"ks":{"a":0,"k":{"i":[[-8.035,5.123],[4.395,-0.82],[2.278,-0.836],[2.262,0.878]],"o":[[-2.627,-3.617],[-2.386,0.446],[-2.278,0.836],[6.978,6.488]],"v":[[14.388,0.366],[-0.437,-4.669],[-7.284,-2.229],[-14.388,-1.763]],"c":true},"ix":2},"nm":"Path 1","mn":"ADBE Vector Shape - Group","hd":false},{"ty":"fl","c":{"a":0,"k":[1,0.447000002394,0.368999974868,1],"ix":4},"o":{"a":0,"k":100,"ix":5},"r":1,"bm":0,"nm":"Fill 1","mn":"ADBE Vector Graphic - Fill","hd":false},{"ty":"tr","p":{"a":0,"k":[14.638,5.74],"ix":2},"a":{"a":0,"k":[0,0],"ix":1},"s":{"a":0,"k":[100,100],"ix":3},"r":{"a":0,"k":0,"ix":6},"o":{"a":0,"k":100,"ix":7},"sk":{"a":0,"k":0,"ix":4},"sa":{"a":0,"k":0,"ix":5},"nm":"Transform"}],"nm":"Group 1","np":4,"cix":2,"bm":0,"ix":1,"mn":"ADBE Vector Group","hd":false}],"ip":15.9999960118713,"op":156.999960866487,"st":15.9999960118713,"bm":0}]}],"layers":[{"ddd":0,"ind":1,"ty":0,"nm":"Pre-comp 1","refId":"comp_0","sr":1,"ks":{"o":{"a":0,"k":100,"ix":11},"r":{"a":0,"k":0,"ix":10},"p":{"a":0,"k":[594,597,0],"ix":2},"a":{"a":0,"k":[300,300,0],"ix":1},"s":{"a":0,"k":[230,230,100],"ix":6}},"ao":0,"w":600,"h":600,"ip":0,"op":140.999964854616,"st":0,"bm":0}],"markers":[]}