{"v":"5.7.0","fr":60,"ip":0,"op":492,"w":1000,"h":1000,"nm":"Comp 2","ddd":0,"assets":[],"layers":[{"ddd":0,"ind":1,"ty":4,"nm":"L","sr":1,"ks":{"o":{"a":0,"k":100,"ix":11},"r":{"a":1,"k":[{"t":0,"s":[0],"h":1},{"t":40,"s":[0],"h":1},{"t":42,"s":[-12.275],"h":1},{"t":44,"s":[-24.549],"h":1},{"t":46,"s":[-36.824],"h":1},{"t":48,"s":[-49.099],"h":1},{"t":50,"s":[-61.373],"h":1},{"t":52,"s":[-73.648],"h":1},{"t":54,"s":[-85.922],"h":1},{"t":56,"s":[-98.197],"h":1},{"t":58,"s":[-110.472],"h":1},{"t":60,"s":[-122.746],"h":1},{"t":62,"s":[-135.021],"h":1},{"t":64,"s":[-147.296],"h":1},{"t":66,"s":[-159.57],"h":1},{"t":68,"s":[-171.845],"h":1},{"t":70,"s":[-184.12],"h":1},{"t":72,"s":[-196.394],"h":1},{"t":74,"s":[-208.669],"h":1},{"t":76,"s":[-220.943],"h":1},{"t":78,"s":[-233.218],"h":1},{"t":80,"s":[-245.493],"h":1},{"t":82,"s":[-257.767],"h":1},{"t":84,"s":[-270.042],"h":1},{"t":86,"s":[-282.317],"h":1},{"t":88,"s":[-294.591],"h":1},{"t":90,"s":[-294.133],"h":1},{"t":92,"s":[-290.227],"h":1},{"t":94,"s":[-286.321],"h":1},{"t":96,"s":[-291.876],"h":1},{"t":98,"s":[-298.704],"h":1},{"t":100,"s":[-305.834],"h":1},{"t":102,"s":[-312.964],"h":1},{"t":104,"s":[-320.094],"h":1},{"t":106,"s":[-327.225],"h":1},{"t":108,"s":[-334.355],"h":1},{"t":110,"s":[-341.485],"h":1},{"t":112,"s":[-350.223],"h":1},{"t":114,"s":[-359.293],"h":1},{"t":116,"s":[-369.167],"h":1},{"t":118,"s":[-381.007],"h":1},{"t":120,"s":[-392.825],"h":1},{"t":122,"s":[-404.642],"h":1},{"t":124,"s":[-416.459],"h":1},{"t":126,"s":[-428.276],"h":1},{"t":128,"s":[-440.094],"h":1},{"t":130,"s":[-451.911],"h":1},{"t":132,"s":[-451.877],"h":1},{"t":134,"s":[-447.405],"h":1},{"t":136,"s":[-442.934],"h":1},{"t":138,"s":[-441.334],"h":1},{"t":140,"s":[-440.533],"h":1},{"t":142,"s":[-440.351],"h":1},{"t":144,"s":[-441.3],"h":1},{"t":146,"s":[-442.986],"h":1},{"t":148,"s":[-445.454],"h":1},{"t":150,"s":[-448.748],"h":1},{"t":152,"s":[-449.24],"h":1},{"t":154,"s":[-449.156],"h":1},{"t":156,"s":[-449.944],"h":1},{"t":158,"s":[-449.836],"h":1},{"t":160,"s":[-449.799],"h":1},{"t":162,"s":[-449.785],"h":1},{"t":164,"s":[-449.78],"h":1},{"t":166,"s":[-449.778],"h":1},{"t":168,"s":[-449.777],"h":1},{"t":322,"s":[-449.777],"h":1},{"t":324,"s":[-449.778],"h":1},{"t":326,"s":[-449.78],"h":1},{"t":328,"s":[-449.785],"h":1},{"t":330,"s":[-449.799],"h":1},{"t":332,"s":[-449.836],"h":1},{"t":334,"s":[-449.944],"h":1},{"t":336,"s":[-449.156],"h":1},{"t":338,"s":[-449.24],"h":1},{"t":340,"s":[-448.748],"h":1},{"t":342,"s":[-445.454],"h":1},{"t":344,"s":[-442.986],"h":1},{"t":346,"s":[-441.3],"h":1},{"t":348,"s":[-440.351],"h":1},{"t":350,"s":[-440.533],"h":1},{"t":352,"s":[-441.334],"h":1},{"t":354,"s":[-442.934],"h":1},{"t":356,"s":[-447.405],"h":1},{"t":358,"s":[-451.877],"h":1},{"t":360,"s":[-451.911],"h":1},{"t":362,"s":[-440.094],"h":1},{"t":364,"s":[-428.276],"h":1},{"t":366,"s":[-416.459],"h":1},{"t":368,"s":[-404.642],"h":1},{"t":370,"s":[-392.825],"h":1},{"t":372,"s":[-381.007],"h":1},{"t":374,"s":[-369.167],"h":1},{"t":376,"s":[-359.293],"h":1},{"t":378,"s":[-350.223],"h":1},{"t":380,"s":[-341.485],"h":1},{"t":382,"s":[-334.355],"h":1},{"t":384,"s":[-327.225],"h":1},{"t":386,"s":[-320.094],"h":1},{"t":388,"s":[-312.964],"h":1},{"t":390,"s":[-305.834],"h":1},{"t":392,"s":[-298.704],"h":1},{"t":394,"s":[-291.876],"h":1},{"t":396,"s":[-286.321],"h":1},{"t":398,"s":[-290.227],"h":1},{"t":400,"s":[-294.133],"h":1},{"t":402,"s":[-294.591],"h":1},{"t":404,"s":[-282.317],"h":1},{"t":406,"s":[-270.042],"h":1},{"t":408,"s":[-257.767],"h":1},{"t":410,"s":[-245.493],"h":1},{"t":412,"s":[-233.218],"h":1},{"t":414,"s":[-220.943],"h":1},{"t":416,"s":[-208.669],"h":1},{"t":418,"s":[-196.394],"h":1},{"t":420,"s":[-184.12],"h":1},{"t":422,"s":[-171.845],"h":1},{"t":424,"s":[-159.57],"h":1},{"t":426,"s":[-147.296],"h":1},{"t":428,"s":[-135.021],"h":1},{"t":430,"s":[-122.746],"h":1},{"t":432,"s":[-110.472],"h":1},{"t":434,"s":[-98.197],"h":1},{"t":436,"s":[-85.922],"h":1},{"t":438,"s":[-73.648],"h":1},{"t":440,"s":[-61.373],"h":1},{"t":442,"s":[-49.099],"h":1},{"t":444,"s":[-36.824],"h":1},{"t":446,"s":[-24.549],"h":1},{"t":448,"s":[-12.275],"h":1},{"t":450,"s":[0],"h":1},{"t":490,"s":[0],"h":1}],"ix":10},"p":{"a":1,"k":[{"t":0,"s":[499.653,499.131,0],"h":1},{"t":2,"s":[499.653,499.964,0],"h":1},{"t":4,"s":[499.653,501.909,0],"h":1},{"t":6,"s":[499.653,504.964,0],"h":1},{"t":8,"s":[499.653,509.131,0],"h":1},{"t":10,"s":[499.653,514.409,0],"h":1},{"t":12,"s":[499.653,520.798,0],"h":1},{"t":14,"s":[499.653,528.298,0],"h":1},{"t":16,"s":[499.653,536.909,0],"h":1},{"t":18,"s":[499.653,546.631,0],"h":1},{"t":20,"s":[499.653,557.464,0],"h":1},{"t":22,"s":[499.653,569.409,0],"h":1},{"t":24,"s":[499.653,582.464,0],"h":1},{"t":26,"s":[499.653,596.631,0],"h":1},{"t":28,"s":[499.653,611.909,0],"h":1},{"t":30,"s":[499.653,628.298,0],"h":1},{"t":32,"s":[499.653,645.798,0],"h":1},{"t":34,"s":[499.653,664.409,0],"h":1},{"t":36,"s":[499.653,684.131,0],"h":1},{"t":38,"s":[499.653,704.964,0],"h":1},{"t":40,"s":[499.653,726.909,0],"h":1},{"t":42,"s":[563.282,719.573,0],"h":1},{"t":44,"s":[623.327,698.388,0],"h":1},{"t":46,"s":[676.689,664.459,0],"h":1},{"t":48,"s":[720.574,619.523,0],"h":1},{"t":50,"s":[752.625,565.871,0],"h":1},{"t":52,"s":[771.02,506.245,0],"h":1},{"t":54,"s":[774.568,443.708,0],"h":1},{"t":56,"s":[762.751,381.511,0],"h":1},{"t":58,"s":[735.757,322.937,0],"h":1},{"t":60,"s":[694.468,271.154,0],"h":1},{"t":62,"s":[640.417,229.073,0],"h":1},{"t":64,"s":[575.723,199.21,0],"h":1},{"t":66,"s":[502.99,183.574,0],"h":1},{"t":68,"s":[425.191,183.574,0],"h":1},{"t":70,"s":[345.529,199.956,0],"h":1},{"t":72,"s":[267.293,232.766,0],"h":1},{"t":74,"s":[193.707,281.35,0],"h":1},{"t":76,"s":[127.782,344.386,0],"h":1},{"t":78,"s":[72.179,419.938,0],"h":1},{"t":80,"s":[29.088,505.553,0],"h":1},{"t":82,"s":[0.124,598.365,0],"h":1},{"t":84,"s":[-13.74,695.233,0],"h":1},{"t":86,"s":[-12.225,792.878,0],"h":1},{"t":88,"s":[4.247,888.038,0],"h":1},{"t":90,"s":[-6.546,905.547,0],"h":1},{"t":92,"s":[-26.027,904.269,0],"h":1},{"t":94,"s":[-44.053,903.531,0],"h":1},{"t":96,"s":[-42.009,943.817,0],"h":1},{"t":98,"s":[-30.702,976.908,0],"h":1},{"t":100,"s":[-14.183,1010.535,0],"h":1},{"t":102,"s":[6.491,1042.139,0],"h":1},{"t":104,"s":[30.898,1071.228,0],"h":1},{"t":106,"s":[58.559,1097.366,0],"h":1},{"t":108,"s":[88.945,1120.183,0],"h":1},{"t":110,"s":[121.484,1139.373,0],"h":1},{"t":112,"s":[164.966,1155.533,0],"h":1},{"t":114,"s":[211.684,1165.07,0],"h":1},{"t":116,"s":[262.974,1163.227,0],"h":1},{"t":118,"s":[323.468,1143.889,0],"h":1},{"t":120,"s":[378.487,1112.65,0],"h":1},{"t":122,"s":[425.526,1070.702,0],"h":1},{"t":124,"s":[462.333,1019.929,0],"h":1},{"t":126,"s":[487.089,962.638,0],"h":1},{"t":128,"s":[498.488,901.458,0],"h":1},{"t":130,"s":[495.79,839.23,0],"h":1},{"t":132,"s":[495.36,840.802,0],"h":1},{"t":134,"s":[497.714,866.868,0],"h":1},{"t":136,"s":[498.021,893.996,0],"h":1},{"t":138,"s":[497.852,902.931,0],"h":1},{"t":140,"s":[497.563,907.386,0],"h":1},{"t":142,"s":[497.518,908.791,0],"h":1},{"t":144,"s":[497.901,903.661,0],"h":1},{"t":146,"s":[498.323,894.633,0],"h":1},{"t":148,"s":[498.442,881.438,0],"h":1},{"t":150,"s":[497.707,863.845,0],"h":1},{"t":152,"s":[497.371,861.24,0],"h":1},{"t":154,"s":[497.406,861.685,0],"h":1},{"t":156,"s":[497.055,857.49,0],"h":1},{"t":158,"s":[497.067,858.084,0],"h":1},{"t":160,"s":[497.071,858.281,0],"h":1},{"t":162,"s":[497.072,858.347,0],"h":1},{"t":164,"s":[497.073,858.371,0],"h":1},{"t":326,"s":[497.073,858.371,0],"h":1},{"t":328,"s":[497.072,858.347,0],"h":1},{"t":330,"s":[497.071,858.281,0],"h":1},{"t":332,"s":[497.067,858.084,0],"h":1},{"t":334,"s":[497.055,857.49,0],"h":1},{"t":336,"s":[497.406,861.685,0],"h":1},{"t":338,"s":[497.371,861.24,0],"h":1},{"t":340,"s":[497.707,863.845,0],"h":1},{"t":342,"s":[498.442,881.438,0],"h":1},{"t":344,"s":[498.323,894.633,0],"h":1},{"t":346,"s":[497.901,903.661,0],"h":1},{"t":348,"s":[497.518,908.791,0],"h":1},{"t":350,"s":[497.563,907.386,0],"h":1},{"t":352,"s":[497.852,902.931,0],"h":1},{"t":354,"s":[498.021,893.996,0],"h":1},{"t":356,"s":[497.714,866.868,0],"h":1},{"t":358,"s":[495.36,840.802,0],"h":1},{"t":360,"s":[495.79,839.23,0],"h":1},{"t":362,"s":[498.488,901.458,0],"h":1},{"t":364,"s":[487.089,962.638,0],"h":1},{"t":366,"s":[462.333,1019.929,0],"h":1},{"t":368,"s":[425.526,1070.702,0],"h":1},{"t":370,"s":[378.487,1112.65,0],"h":1},{"t":372,"s":[323.468,1143.889,0],"h":1},{"t":374,"s":[262.974,1163.227,0],"h":1},{"t":376,"s":[211.684,1165.07,0],"h":1},{"t":378,"s":[164.966,1155.533,0],"h":1},{"t":380,"s":[121.484,1139.373,0],"h":1},{"t":382,"s":[88.945,1120.183,0],"h":1},{"t":384,"s":[58.559,1097.366,0],"h":1},{"t":386,"s":[30.898,1071.228,0],"h":1},{"t":388,"s":[6.491,1042.139,0],"h":1},{"t":390,"s":[-14.183,1010.535,0],"h":1},{"t":392,"s":[-30.702,976.908,0],"h":1},{"t":394,"s":[-42.009,943.817,0],"h":1},{"t":396,"s":[-44.053,903.531,0],"h":1},{"t":398,"s":[-26.027,904.269,0],"h":1},{"t":400,"s":[-6.546,905.547,0],"h":1},{"t":402,"s":[4.247,888.038,0],"h":1},{"t":404,"s":[-12.225,792.878,0],"h":1},{"t":406,"s":[-13.74,695.233,0],"h":1},{"t":408,"s":[0.124,598.365,0],"h":1},{"t":410,"s":[29.088,505.553,0],"h":1},{"t":412,"s":[72.179,419.938,0],"h":1},{"t":414,"s":[127.782,344.386,0],"h":1},{"t":416,"s":[193.707,281.35,0],"h":1},{"t":418,"s":[267.293,232.766,0],"h":1},{"t":420,"s":[345.529,199.956,0],"h":1},{"t":422,"s":[425.191,183.574,0],"h":1},{"t":424,"s":[502.99,183.574,0],"h":1},{"t":426,"s":[575.723,199.21,0],"h":1},{"t":428,"s":[640.417,229.073,0],"h":1},{"t":430,"s":[694.468,271.154,0],"h":1},{"t":432,"s":[735.757,322.937,0],"h":1},{"t":434,"s":[762.751,381.511,0],"h":1},{"t":436,"s":[774.568,443.708,0],"h":1},{"t":438,"s":[771.02,506.245,0],"h":1},{"t":440,"s":[752.625,565.871,0],"h":1},{"t":442,"s":[720.574,619.523,0],"h":1},{"t":444,"s":[676.689,664.459,0],"h":1},{"t":446,"s":[623.327,698.388,0],"h":1},{"t":448,"s":[563.282,719.573,0],"h":1},{"t":450,"s":[499.653,726.909,0],"h":1},{"t":452,"s":[499.653,704.964,0],"h":1},{"t":454,"s":[499.653,684.131,0],"h":1},{"t":456,"s":[499.653,664.409,0],"h":1},{"t":458,"s":[499.653,645.798,0],"h":1},{"t":460,"s":[499.653,628.298,0],"h":1},{"t":462,"s":[499.653,611.909,0],"h":1},{"t":464,"s":[499.653,596.631,0],"h":1},{"t":466,"s":[499.653,582.464,0],"h":1},{"t":468,"s":[499.653,569.409,0],"h":1},{"t":470,"s":[499.653,557.464,0],"h":1},{"t":472,"s":[499.653,546.631,0],"h":1},{"t":474,"s":[499.653,536.909,0],"h":1},{"t":476,"s":[499.653,528.298,0],"h":1},{"t":478,"s":[499.653,520.798,0],"h":1},{"t":480,"s":[499.653,514.409,0],"h":1},{"t":482,"s":[499.653,509.131,0],"h":1},{"t":484,"s":[499.653,504.964,0],"h":1},{"t":486,"s":[499.653,501.909,0],"h":1},{"t":488,"s":[499.653,499.964,0],"h":1},{"t":490,"s":[499.653,499.131,0],"h":1}],"ix":2},"a":{"a":0,"k":[0,0,0],"ix":1},"s":{"a":0,"k":[100,100,100],"ix":6}},"ao":0,"sy":[{"c":{"a":0,"k":[0,0,0,1],"ix":2},"o":{"a":0,"k":75,"ix":3},"a":{"a":0,"k":120,"ix":5},"s":{"a":0,"k":5,"ix":8},"d":{"a":0,"k":5,"ix":6},"ch":{"a":0,"k":0,"ix":7},"bm":{"a":0,"k":5,"ix":1},"no":{"a":0,"k":0,"ix":9},"lc":{"a":0,"k":1,"ix":10},"ty":1,"nm":"Drop Shadow"},{"c":{"a":0,"k":[0,0,0,1],"ix":2},"o":{"a":0,"k":75,"ix":3},"a":{"a":0,"k":120,"ix":5},"s":{"a":0,"k":5,"ix":8},"d":{"a":0,"k":5,"ix":6},"ch":{"a":0,"k":0,"ix":7},"bm":{"a":0,"k":5,"ix":1},"no":{"a":0,"k":0,"ix":9},"ty":2,"nm":"Inner Shadow"},{"c":{"a":0,"k":[1,1,0.745098039216,1],"ix":5},"o":{"a":0,"k":75,"ix":2},"s":{"a":0,"k":5,"ix":10},"r":{"a":0,"k":50,"ix":11},"ch":{"a":0,"k":0,"ix":9},"bm":{"a":0,"k":11,"ix":1},"no":{"a":0,"k":0,"ix":3},"j":{"a":0,"k":0,"ix":12},"ty":3,"nm":"Outer Glow"},{"c":{"a":0,"k":[1,1,0.745098039216,1],"ix":5},"o":{"a":0,"k":75,"ix":2},"s":{"a":0,"k":5,"ix":11},"r":{"a":0,"k":50,"ix":12},"sr":{"a":0,"k":1,"ix":9},"ch":{"a":0,"k":0,"ix":10},"bm":{"a":0,"k":11,"ix":1},"no":{"a":0,"k":0,"ix":3},"j":{"a":0,"k":0,"ix":13},"ty":4,"nm":"Inner Glow"},{"c":{"a":0,"k":[1,0,0,1],"ix":2},"s":{"a":0,"k":3,"ix":3},"ty":0,"nm":"Stroke"}],"shapes":[{"ty":"gr","it":[{"ind":0,"ty":"sh","ix":1,"ks":{"a":0,"k":{"i":[[0,0],[0,0],[0,0],[0,0],[0,0],[0,0]],"o":[[0,0],[0,0],[0,0],[0,0],[0,0],[0,0]],"v":[[-27.427,-385.823],[-27.427,-304.753],[34.302,-304.753],[34.302,-324.21],[-4.496,-324.21],[-4.496,-385.823]],"c":true},"ix":2},"nm":"L","mn":"ADBE Vector Shape - Group","hd":false},{"ty":"fl","c":{"a":0,"k":[0.015594001845,0.029254571129,0.305882352941,1],"ix":4},"o":{"a":0,"k":100,"ix":5},"r":1,"bm":0,"nm":"Fill 1","mn":"ADBE Vector Graphic - Fill","hd":false},{"ty":"tr","p":{"a":0,"k":[0,0],"ix":2},"a":{"a":0,"k":[0,0],"ix":1},"s":{"a":0,"k":[100,100],"ix":3},"r":{"a":0,"k":0,"ix":6},"o":{"a":0,"k":100,"ix":7},"sk":{"a":0,"k":0,"ix":4},"sa":{"a":0,"k":0,"ix":5},"nm":"Transform"}],"nm":"L","np":3,"cix":2,"bm":0,"ix":1,"mn":"ADBE Vector Group","hd":false}],"ip":0,"op":600,"st":0,"bm":0},{"ddd":0,"ind":2,"ty":4,"nm":"O","sr":1,"ks":{"o":{"a":0,"k":100,"ix":11},"r":{"a":1,"k":[{"t":0,"s":[0],"h":1},{"t":36,"s":[0],"h":1},{"t":38,"s":[-6.731],"h":1},{"t":40,"s":[-23.421],"h":1},{"t":42,"s":[-31.622],"h":1},{"t":44,"s":[-40.304],"h":1},{"t":46,"s":[-48.891],"h":1},{"t":48,"s":[-57.21],"h":1},{"t":50,"s":[-65.346],"h":1},{"t":52,"s":[-73.249],"h":1},{"t":54,"s":[-81.108],"h":1},{"t":56,"s":[-88.506],"h":1},{"t":58,"s":[-96.018],"h":1},{"t":60,"s":[-103.567],"h":1},{"t":62,"s":[-111.116],"h":1},{"t":64,"s":[-118.666],"h":1},{"t":66,"s":[-126.215],"h":1},{"t":68,"s":[-133.764],"h":1},{"t":70,"s":[-141.314],"h":1},{"t":72,"s":[-148.863],"h":1},{"t":74,"s":[-156.412],"h":1},{"t":76,"s":[-163.962],"h":1},{"t":78,"s":[-171.511],"h":1},{"t":80,"s":[-179.06],"h":1},{"t":82,"s":[-186.61],"h":1},{"t":84,"s":[-191.053],"h":1},{"t":86,"s":[-191.336],"h":1},{"t":88,"s":[-193.217],"h":1},{"t":90,"s":[-196.557],"h":1},{"t":92,"s":[-201.741],"h":1},{"t":94,"s":[-206.54],"h":1},{"t":96,"s":[-211.135],"h":1},{"t":98,"s":[-216.409],"h":1},{"t":100,"s":[-222.438],"h":1},{"t":102,"s":[-229.214],"h":1},{"t":104,"s":[-236.763],"h":1},{"t":106,"s":[-244.887],"h":1},{"t":108,"s":[-253.992],"h":1},{"t":110,"s":[-263.283],"h":1},{"t":112,"s":[-272.575],"h":1},{"t":114,"s":[-281.866],"h":1},{"t":116,"s":[-292.892],"h":1},{"t":118,"s":[-303.919],"h":1},{"t":120,"s":[-312.286],"h":1},{"t":122,"s":[-320.632],"h":1},{"t":124,"s":[-328.977],"h":1},{"t":126,"s":[-337.322],"h":1},{"t":128,"s":[-345.667],"h":1},{"t":130,"s":[-349.688],"h":1},{"t":132,"s":[-349.259],"h":1},{"t":134,"s":[-348.829],"h":1},{"t":136,"s":[-348.4],"h":1},{"t":138,"s":[-347.97],"h":1},{"t":140,"s":[-347.541],"h":1},{"t":142,"s":[-347.571],"h":1},{"t":144,"s":[-347.7],"h":1},{"t":146,"s":[-347.816],"h":1},{"t":148,"s":[-347.866],"h":1},{"t":150,"s":[-347.866],"h":1},{"t":152,"s":[-347.927],"h":1},{"t":154,"s":[-348.049],"h":1},{"t":156,"s":[-348.133],"h":1},{"t":158,"s":[-348.181],"h":1},{"t":160,"s":[-348.193],"h":1},{"t":330,"s":[-348.193],"h":1},{"t":332,"s":[-348.181],"h":1},{"t":334,"s":[-348.133],"h":1},{"t":336,"s":[-348.049],"h":1},{"t":338,"s":[-347.927],"h":1},{"t":340,"s":[-347.866],"h":1},{"t":342,"s":[-347.866],"h":1},{"t":344,"s":[-347.816],"h":1},{"t":346,"s":[-347.7],"h":1},{"t":348,"s":[-347.571],"h":1},{"t":350,"s":[-347.541],"h":1},{"t":352,"s":[-347.97],"h":1},{"t":354,"s":[-348.4],"h":1},{"t":356,"s":[-348.829],"h":1},{"t":358,"s":[-349.259],"h":1},{"t":360,"s":[-349.688],"h":1},{"t":362,"s":[-345.667],"h":1},{"t":364,"s":[-337.322],"h":1},{"t":366,"s":[-328.977],"h":1},{"t":368,"s":[-320.632],"h":1},{"t":370,"s":[-312.286],"h":1},{"t":372,"s":[-303.919],"h":1},{"t":374,"s":[-292.892],"h":1},{"t":376,"s":[-281.866],"h":1},{"t":378,"s":[-272.575],"h":1},{"t":380,"s":[-263.283],"h":1},{"t":382,"s":[-253.992],"h":1},{"t":384,"s":[-244.887],"h":1},{"t":386,"s":[-236.763],"h":1},{"t":388,"s":[-229.214],"h":1},{"t":390,"s":[-222.438],"h":1},{"t":392,"s":[-216.409],"h":1},{"t":394,"s":[-211.135],"h":1},{"t":396,"s":[-206.54],"h":1},{"t":398,"s":[-201.741],"h":1},{"t":400,"s":[-196.557],"h":1},{"t":402,"s":[-193.217],"h":1},{"t":404,"s":[-191.336],"h":1},{"t":406,"s":[-191.053],"h":1},{"t":408,"s":[-186.61],"h":1},{"t":410,"s":[-179.06],"h":1},{"t":412,"s":[-171.511],"h":1},{"t":414,"s":[-163.962],"h":1},{"t":416,"s":[-156.412],"h":1},{"t":418,"s":[-148.863],"h":1},{"t":420,"s":[-141.314],"h":1},{"t":422,"s":[-133.764],"h":1},{"t":424,"s":[-126.215],"h":1},{"t":426,"s":[-118.666],"h":1},{"t":428,"s":[-111.116],"h":1},{"t":430,"s":[-103.567],"h":1},{"t":432,"s":[-96.018],"h":1},{"t":434,"s":[-88.506],"h":1},{"t":436,"s":[-81.108],"h":1},{"t":438,"s":[-73.249],"h":1},{"t":440,"s":[-65.346],"h":1},{"t":442,"s":[-57.21],"h":1},{"t":444,"s":[-48.891],"h":1},{"t":446,"s":[-40.304],"h":1},{"t":448,"s":[-31.622],"h":1},{"t":450,"s":[-23.421],"h":1},{"t":452,"s":[-6.731],"h":1},{"t":454,"s":[0],"h":1},{"t":490,"s":[0],"h":1}],"ix":10},"p":{"a":1,"k":[{"t":0,"s":[499.653,499.131,0],"h":1},{"t":2,"s":[499.653,499.964,0],"h":1},{"t":4,"s":[499.653,501.909,0],"h":1},{"t":6,"s":[499.653,504.964,0],"h":1},{"t":8,"s":[499.653,509.131,0],"h":1},{"t":10,"s":[499.653,514.409,0],"h":1},{"t":12,"s":[499.653,520.798,0],"h":1},{"t":14,"s":[499.653,528.298,0],"h":1},{"t":16,"s":[499.653,536.909,0],"h":1},{"t":18,"s":[499.653,546.631,0],"h":1},{"t":20,"s":[499.653,557.464,0],"h":1},{"t":22,"s":[499.653,569.409,0],"h":1},{"t":24,"s":[499.653,582.464,0],"h":1},{"t":26,"s":[499.653,596.631,0],"h":1},{"t":28,"s":[499.653,611.909,0],"h":1},{"t":30,"s":[499.653,628.298,0],"h":1},{"t":32,"s":[499.653,645.798,0],"h":1},{"t":34,"s":[499.653,664.409,0],"h":1},{"t":36,"s":[499.653,684.131,0],"h":1},{"t":38,"s":[525.786,692.727,0],"h":1},{"t":40,"s":[590.117,677.095,0],"h":1},{"t":42,"s":[624.197,667.54,0],"h":1},{"t":44,"s":[657.44,653.578,0],"h":1},{"t":46,"s":[686.793,636.439,0],"h":1},{"t":48,"s":[711.222,616.741,0],"h":1},{"t":50,"s":[731.117,595.566,0],"h":1},{"t":52,"s":[746.413,573.658,0],"h":1},{"t":54,"s":[757.501,551.314,0],"h":1},{"t":56,"s":[764.291,530.425,0],"h":1},{"t":58,"s":[767.282,510.018,0],"h":1},{"t":60,"s":[766.324,490.988,0],"h":1},{"t":62,"s":[761.485,473.998,0],"h":1},{"t":64,"s":[752.921,459.552,0],"h":1},{"t":66,"s":[740.851,448.127,0],"h":1},{"t":68,"s":[725.557,440.165,0],"h":1},{"t":70,"s":[707.376,436.072,0],"h":1},{"t":72,"s":[686.696,436.201,0],"h":1},{"t":74,"s":[663.946,440.854,0],"h":1},{"t":76,"s":[639.593,450.274,0],"h":1},{"t":78,"s":[614.131,464.639,0],"h":1},{"t":80,"s":[588.074,484.063,0],"h":1},{"t":82,"s":[561.945,508.588,0],"h":1},{"t":84,"s":[545.337,529.031,0],"h":1},{"t":86,"s":[541.922,541.755,0],"h":1},{"t":88,"s":[529.318,545.869,0],"h":1},{"t":90,"s":[511.898,549.865,0],"h":1},{"t":92,"s":[489.164,557.153,0],"h":1},{"t":94,"s":[468.838,566.185,0],"h":1},{"t":96,"s":[450.038,577.501,0],"h":1},{"t":98,"s":[430.237,592.673,0],"h":1},{"t":100,"s":[409.48,612.186,0],"h":1},{"t":102,"s":[388.634,636.589,0],"h":1},{"t":104,"s":[368.426,666.038,0],"h":1},{"t":106,"s":[350.114,700.367,0],"h":1},{"t":108,"s":[334.277,740.726,0],"h":1},{"t":110,"s":[323.75,784.354,0],"h":1},{"t":112,"s":[319.221,829.809,0],"h":1},{"t":114,"s":[320.727,876.113,0],"h":1},{"t":116,"s":[327.395,923.709,0],"h":1},{"t":118,"s":[341.899,969.122,0],"h":1},{"t":120,"s":[355.988,992.178,0],"h":1},{"t":122,"s":[373.637,1013.476,0],"h":1},{"t":124,"s":[394.384,1032.121,0],"h":1},{"t":126,"s":[417.651,1047.702,0],"h":1},{"t":128,"s":[442.805,1059.899,0],"h":1},{"t":130,"s":[455.195,1063.531,0],"h":1},{"t":132,"s":[453.317,1061.962,0],"h":1},{"t":134,"s":[451.441,1061.491,0],"h":1},{"t":136,"s":[449.568,1062.118,0],"h":1},{"t":138,"s":[447.697,1063.844,0],"h":1},{"t":140,"s":[445.829,1066.668,0],"h":1},{"t":142,"s":[445.822,1067.165,0],"h":1},{"t":144,"s":[446.234,1067.458,0],"h":1},{"t":146,"s":[446.618,1067.982,0],"h":1},{"t":148,"s":[446.787,1067.964,0],"h":1},{"t":150,"s":[446.791,1067.949,0],"h":1},{"t":152,"s":[446.983,1068.001,0],"h":1},{"t":154,"s":[447.371,1068.107,0],"h":1},{"t":156,"s":[447.639,1068.175,0],"h":1},{"t":158,"s":[447.792,1068.213,0],"h":1},{"t":160,"s":[447.831,1068.223,0],"h":1},{"t":330,"s":[447.831,1068.223,0],"h":1},{"t":332,"s":[447.792,1068.213,0],"h":1},{"t":334,"s":[447.639,1068.175,0],"h":1},{"t":336,"s":[447.371,1068.107,0],"h":1},{"t":338,"s":[446.983,1068.001,0],"h":1},{"t":340,"s":[446.791,1067.949,0],"h":1},{"t":342,"s":[446.787,1067.964,0],"h":1},{"t":344,"s":[446.618,1067.982,0],"h":1},{"t":346,"s":[446.234,1067.458,0],"h":1},{"t":348,"s":[445.822,1067.165,0],"h":1},{"t":350,"s":[445.829,1066.668,0],"h":1},{"t":352,"s":[447.697,1063.844,0],"h":1},{"t":354,"s":[449.568,1062.118,0],"h":1},{"t":356,"s":[451.441,1061.491,0],"h":1},{"t":358,"s":[453.317,1061.962,0],"h":1},{"t":360,"s":[455.195,1063.531,0],"h":1},{"t":362,"s":[442.805,1059.899,0],"h":1},{"t":364,"s":[417.651,1047.702,0],"h":1},{"t":366,"s":[394.384,1032.121,0],"h":1},{"t":368,"s":[373.637,1013.476,0],"h":1},{"t":370,"s":[355.988,992.178,0],"h":1},{"t":372,"s":[341.899,969.122,0],"h":1},{"t":374,"s":[327.395,923.709,0],"h":1},{"t":376,"s":[320.727,876.113,0],"h":1},{"t":378,"s":[319.221,829.809,0],"h":1},{"t":380,"s":[323.75,784.354,0],"h":1},{"t":382,"s":[334.277,740.726,0],"h":1},{"t":384,"s":[350.114,700.367,0],"h":1},{"t":386,"s":[368.426,666.038,0],"h":1},{"t":388,"s":[388.634,636.589,0],"h":1},{"t":390,"s":[409.48,612.186,0],"h":1},{"t":392,"s":[430.237,592.673,0],"h":1},{"t":394,"s":[450.038,577.501,0],"h":1},{"t":396,"s":[468.838,566.185,0],"h":1},{"t":398,"s":[489.164,557.153,0],"h":1},{"t":400,"s":[511.898,549.865,0],"h":1},{"t":402,"s":[529.318,545.869,0],"h":1},{"t":404,"s":[541.922,541.755,0],"h":1},{"t":406,"s":[545.337,529.031,0],"h":1},{"t":408,"s":[561.945,508.588,0],"h":1},{"t":410,"s":[588.074,484.063,0],"h":1},{"t":412,"s":[614.131,464.639,0],"h":1},{"t":414,"s":[639.593,450.274,0],"h":1},{"t":416,"s":[663.946,440.854,0],"h":1},{"t":418,"s":[686.696,436.201,0],"h":1},{"t":420,"s":[707.376,436.072,0],"h":1},{"t":422,"s":[725.557,440.165,0],"h":1},{"t":424,"s":[740.851,448.127,0],"h":1},{"t":426,"s":[752.921,459.552,0],"h":1},{"t":428,"s":[761.485,473.998,0],"h":1},{"t":430,"s":[766.324,490.988,0],"h":1},{"t":432,"s":[767.282,510.018,0],"h":1},{"t":434,"s":[764.291,530.425,0],"h":1},{"t":436,"s":[757.501,551.314,0],"h":1},{"t":438,"s":[746.413,573.658,0],"h":1},{"t":440,"s":[731.117,595.566,0],"h":1},{"t":442,"s":[711.222,616.741,0],"h":1},{"t":444,"s":[686.793,636.439,0],"h":1},{"t":446,"s":[657.44,653.578,0],"h":1},{"t":448,"s":[624.197,667.54,0],"h":1},{"t":450,"s":[590.117,677.095,0],"h":1},{"t":452,"s":[525.786,692.727,0],"h":1},{"t":454,"s":[499.653,684.131,0],"h":1},{"t":456,"s":[499.653,664.409,0],"h":1},{"t":458,"s":[499.653,645.798,0],"h":1},{"t":460,"s":[499.653,628.298,0],"h":1},{"t":462,"s":[499.653,611.909,0],"h":1},{"t":464,"s":[499.653,596.631,0],"h":1},{"t":466,"s":[499.653,582.464,0],"h":1},{"t":468,"s":[499.653,569.409,0],"h":1},{"t":470,"s":[499.653,557.464,0],"h":1},{"t":472,"s":[499.653,546.631,0],"h":1},{"t":474,"s":[499.653,536.909,0],"h":1},{"t":476,"s":[499.653,528.298,0],"h":1},{"t":478,"s":[499.653,520.798,0],"h":1},{"t":480,"s":[499.653,514.409,0],"h":1},{"t":482,"s":[499.653,509.131,0],"h":1},{"t":484,"s":[499.653,504.964,0],"h":1},{"t":486,"s":[499.653,501.909,0],"h":1},{"t":488,"s":[499.653,499.964,0],"h":1},{"t":490,"s":[499.653,499.131,0],"h":1}],"ix":2},"a":{"a":0,"k":[0,0,0],"ix":1},"s":{"a":0,"k":[100,100,100],"ix":6}},"ao":0,"sy":[{"c":{"a":0,"k":[0,0,0,1],"ix":2},"o":{"a":0,"k":75,"ix":3},"a":{"a":0,"k":120,"ix":5},"s":{"a":0,"k":5,"ix":8},"d":{"a":0,"k":5,"ix":6},"ch":{"a":0,"k":0,"ix":7},"bm":{"a":0,"k":5,"ix":1},"no":{"a":0,"k":0,"ix":9},"lc":{"a":0,"k":1,"ix":10},"ty":1,"nm":"Drop Shadow"},{"c":{"a":0,"k":[0,0,0,1],"ix":2},"o":{"a":0,"k":75,"ix":3},"a":{"a":0,"k":120,"ix":5},"s":{"a":0,"k":5,"ix":8},"d":{"a":0,"k":5,"ix":6},"ch":{"a":0,"k":0,"ix":7},"bm":{"a":0,"k":5,"ix":1},"no":{"a":0,"k":0,"ix":9},"ty":2,"nm":"Inner Shadow"},{"c":{"a":0,"k":[1,1,0.745098039216,1],"ix":5},"o":{"a":0,"k":75,"ix":2},"s":{"a":0,"k":5,"ix":10},"r":{"a":0,"k":50,"ix":11},"ch":{"a":0,"k":0,"ix":9},"bm":{"a":0,"k":11,"ix":1},"no":{"a":0,"k":0,"ix":3},"j":{"a":0,"k":0,"ix":12},"ty":3,"nm":"Outer Glow"},{"c":{"a":0,"k":[1,1,0.745098039216,1],"ix":5},"o":{"a":0,"k":75,"ix":2},"s":{"a":0,"k":5,"ix":11},"r":{"a":0,"k":50,"ix":12},"sr":{"a":0,"k":1,"ix":9},"ch":{"a":0,"k":0,"ix":10},"bm":{"a":0,"k":11,"ix":1},"no":{"a":0,"k":0,"ix":3},"j":{"a":0,"k":0,"ix":13},"ty":4,"nm":"Inner Glow"},{"c":{"a":0,"k":[1,0,0,1],"ix":2},"s":{"a":0,"k":3,"ix":3},"ty":0,"nm":"Stroke"}],"shapes":[{"ty":"gr","it":[{"ind":0,"ty":"sh","ix":1,"ks":{"a":0,"k":{"i":[[0,27.101],[26.637,0],[0,-26.637],[-26.521,0]],"o":[[0,-26.985],[-26.521,0],[0,27.101],[26.637,0]],"v":[[45.394,-230.288],[0.342,-272.792],[-44.71,-230.288],[0.342,-187.784]],"c":true},"ix":2},"nm":"O","mn":"ADBE Vector Shape - Group","hd":false},{"ind":1,"ty":"sh","ix":2,"ks":{"a":0,"k":{"i":[[0,-13.898],[13.434,0],[0,13.55],[-13.087,0]],"o":[[0,13.434],[-12.971,0],[0,-13.434],[13.434,0]],"v":[[22.463,-230.288],[0.342,-207.357],[-21.778,-230.288],[0.342,-253.219]],"c":true},"ix":2},"nm":"O","mn":"ADBE Vector Shape - Group","hd":false},{"ty":"mm","mm":1,"nm":"Merge Paths 1","mn":"ADBE Vector Filter - Merge","hd":false},{"ty":"fl","c":{"a":0,"k":[0.015594001845,0.029254571129,0.305882352941,1],"ix":4},"o":{"a":0,"k":100,"ix":5},"r":1,"bm":0,"nm":"Fill 1","mn":"ADBE Vector Graphic - Fill","hd":false},{"ty":"tr","p":{"a":0,"k":[0,0],"ix":2},"a":{"a":0,"k":[0,0],"ix":1},"s":{"a":0,"k":[100,100],"ix":3},"r":{"a":0,"k":0,"ix":6},"o":{"a":0,"k":100,"ix":7},"sk":{"a":0,"k":0,"ix":4},"sa":{"a":0,"k":0,"ix":5},"nm":"Transform"}],"nm":"O","np":5,"cix":2,"bm":0,"ix":1,"mn":"ADBE Vector Group","hd":false}],"ip":0,"op":600,"st":0,"bm":0},{"ddd":0,"ind":3,"ty":4,"nm":"A","sr":1,"ks":{"o":{"a":0,"k":100,"ix":11},"r":{"a":1,"k":[{"t":0,"s":[0],"h":1},{"t":32,"s":[0],"h":1},{"t":34,"s":[8.354],"h":1},{"t":36,"s":[9.893],"h":1},{"t":38,"s":[14.168],"h":1},{"t":40,"s":[19.922],"h":1},{"t":42,"s":[27.382],"h":1},{"t":44,"s":[35.037],"h":1},{"t":46,"s":[43.12],"h":1},{"t":48,"s":[52.065],"h":1},{"t":50,"s":[60.852],"h":1},{"t":52,"s":[68.91],"h":1},{"t":54,"s":[76.25],"h":1},{"t":56,"s":[81.486],"h":1},{"t":58,"s":[86.307],"h":1},{"t":60,"s":[91.082],"h":1},{"t":62,"s":[95.858],"h":1},{"t":64,"s":[100.633],"h":1},{"t":66,"s":[105.408],"h":1},{"t":68,"s":[110.184],"h":1},{"t":70,"s":[114.959],"h":1},{"t":72,"s":[119.735],"h":1},{"t":74,"s":[124.51],"h":1},{"t":76,"s":[129.286],"h":1},{"t":78,"s":[134.061],"h":1},{"t":80,"s":[129.982],"h":1},{"t":82,"s":[120.711],"h":1},{"t":84,"s":[114.764],"h":1},{"t":86,"s":[114.822],"h":1},{"t":88,"s":[114.552],"h":1},{"t":90,"s":[114.272],"h":1},{"t":92,"s":[114.12],"h":1},{"t":94,"s":[114.459],"h":1},{"t":96,"s":[114.349],"h":1},{"t":98,"s":[114.329],"h":1},{"t":100,"s":[114.307],"h":1},{"t":102,"s":[114.293],"h":1},{"t":104,"s":[114.408],"h":1},{"t":106,"s":[114.405],"h":1},{"t":108,"s":[114.404],"h":1},{"t":382,"s":[114.404],"h":1},{"t":384,"s":[114.405],"h":1},{"t":386,"s":[114.408],"h":1},{"t":388,"s":[114.293],"h":1},{"t":390,"s":[114.307],"h":1},{"t":392,"s":[114.329],"h":1},{"t":394,"s":[114.349],"h":1},{"t":396,"s":[114.459],"h":1},{"t":398,"s":[114.12],"h":1},{"t":400,"s":[114.272],"h":1},{"t":402,"s":[114.552],"h":1},{"t":404,"s":[114.822],"h":1},{"t":406,"s":[114.764],"h":1},{"t":408,"s":[120.711],"h":1},{"t":410,"s":[129.982],"h":1},{"t":412,"s":[134.061],"h":1},{"t":414,"s":[129.286],"h":1},{"t":416,"s":[124.51],"h":1},{"t":418,"s":[119.735],"h":1},{"t":420,"s":[114.959],"h":1},{"t":422,"s":[110.184],"h":1},{"t":424,"s":[105.408],"h":1},{"t":426,"s":[100.633],"h":1},{"t":428,"s":[95.858],"h":1},{"t":430,"s":[91.082],"h":1},{"t":432,"s":[86.307],"h":1},{"t":434,"s":[81.486],"h":1},{"t":436,"s":[76.25],"h":1},{"t":438,"s":[68.91],"h":1},{"t":440,"s":[60.852],"h":1},{"t":442,"s":[52.065],"h":1},{"t":444,"s":[43.12],"h":1},{"t":446,"s":[35.037],"h":1},{"t":448,"s":[27.382],"h":1},{"t":450,"s":[19.922],"h":1},{"t":452,"s":[14.168],"h":1},{"t":454,"s":[9.893],"h":1},{"t":456,"s":[8.354],"h":1},{"t":458,"s":[0],"h":1},{"t":490,"s":[0],"h":1}],"ix":10},"p":{"a":1,"k":[{"t":0,"s":[499.653,499.131,0],"h":1},{"t":2,"s":[499.653,499.964,0],"h":1},{"t":4,"s":[499.653,501.909,0],"h":1},{"t":6,"s":[499.653,504.964,0],"h":1},{"t":8,"s":[499.653,509.131,0],"h":1},{"t":10,"s":[499.653,514.409,0],"h":1},{"t":12,"s":[499.653,520.798,0],"h":1},{"t":14,"s":[499.653,528.298,0],"h":1},{"t":16,"s":[499.653,536.909,0],"h":1},{"t":18,"s":[499.653,546.631,0],"h":1},{"t":20,"s":[499.653,557.464,0],"h":1},{"t":22,"s":[499.653,569.409,0],"h":1},{"t":24,"s":[499.653,582.464,0],"h":1},{"t":26,"s":[499.653,596.631,0],"h":1},{"t":28,"s":[499.653,611.909,0],"h":1},{"t":30,"s":[499.653,628.298,0],"h":1},{"t":32,"s":[499.653,645.798,0],"h":1},{"t":34,"s":[484.113,656.83,0],"h":1},{"t":36,"s":[482.997,654.534,0],"h":1},{"t":38,"s":[478.801,656.905,0],"h":1},{"t":40,"s":[473.492,654.638,0],"h":1},{"t":42,"s":[465.957,651.003,0],"h":1},{"t":44,"s":[458.638,645.397,0],"h":1},{"t":46,"s":[452.102,639.375,0],"h":1},{"t":48,"s":[446.568,632.916,0],"h":1},{"t":50,"s":[443.477,626.905,0],"h":1},{"t":52,"s":[443.274,622.981,0],"h":1},{"t":54,"s":[445.409,621.256,0],"h":1},{"t":56,"s":[449.788,625.181,0],"h":1},{"t":58,"s":[455.031,630.956,0],"h":1},{"t":60,"s":[461.028,637.877,0],"h":1},{"t":62,"s":[467.79,645.926,0],"h":1},{"t":64,"s":[475.311,655.167,0],"h":1},{"t":66,"s":[483.582,665.663,0],"h":1},{"t":68,"s":[492.589,677.475,0],"h":1},{"t":70,"s":[502.312,690.664,0],"h":1},{"t":72,"s":[512.727,705.289,0],"h":1},{"t":74,"s":[523.804,721.406,0],"h":1},{"t":76,"s":[535.508,739.069,0],"h":1},{"t":78,"s":[547.803,758.329,0],"h":1},{"t":80,"s":[541.061,772.038,0],"h":1},{"t":82,"s":[524.097,783.082,0],"h":1},{"t":84,"s":[515.682,798.22,0],"h":1},{"t":86,"s":[516.963,810.196,0],"h":1},{"t":88,"s":[517.674,810.797,0],"h":1},{"t":90,"s":[518.001,811.41,0],"h":1},{"t":92,"s":[517.827,811.517,0],"h":1},{"t":94,"s":[518.395,811.37,0],"h":1},{"t":96,"s":[518.153,811.445,0],"h":1},{"t":98,"s":[518.114,811.423,0],"h":1},{"t":100,"s":[518.107,811.425,0],"h":1},{"t":102,"s":[518.072,811.432,0],"h":1},{"t":104,"s":[518.162,811.149,0],"h":1},{"t":106,"s":[518.224,811.154,0],"h":1},{"t":114,"s":[518.237,811.156,0],"h":1},{"t":116,"s":[518.89,811.158,0],"h":1},{"t":118,"s":[519.009,811.159,0],"h":1},{"t":372,"s":[519.009,811.159,0],"h":1},{"t":374,"s":[518.89,811.158,0],"h":1},{"t":376,"s":[518.237,811.156,0],"h":1},{"t":384,"s":[518.224,811.154,0],"h":1},{"t":386,"s":[518.162,811.149,0],"h":1},{"t":388,"s":[518.072,811.432,0],"h":1},{"t":390,"s":[518.107,811.425,0],"h":1},{"t":392,"s":[518.114,811.423,0],"h":1},{"t":394,"s":[518.153,811.445,0],"h":1},{"t":396,"s":[518.395,811.37,0],"h":1},{"t":398,"s":[517.827,811.517,0],"h":1},{"t":400,"s":[518.001,811.41,0],"h":1},{"t":402,"s":[517.674,810.797,0],"h":1},{"t":404,"s":[516.963,810.196,0],"h":1},{"t":406,"s":[515.682,798.22,0],"h":1},{"t":408,"s":[524.097,783.082,0],"h":1},{"t":410,"s":[541.061,772.038,0],"h":1},{"t":412,"s":[547.803,758.329,0],"h":1},{"t":414,"s":[535.508,739.069,0],"h":1},{"t":416,"s":[523.804,721.406,0],"h":1},{"t":418,"s":[512.727,705.289,0],"h":1},{"t":420,"s":[502.312,690.664,0],"h":1},{"t":422,"s":[492.589,677.475,0],"h":1},{"t":424,"s":[483.582,665.663,0],"h":1},{"t":426,"s":[475.311,655.167,0],"h":1},{"t":428,"s":[467.79,645.926,0],"h":1},{"t":430,"s":[461.028,637.877,0],"h":1},{"t":432,"s":[455.031,630.956,0],"h":1},{"t":434,"s":[449.788,625.181,0],"h":1},{"t":436,"s":[445.409,621.256,0],"h":1},{"t":438,"s":[443.274,622.981,0],"h":1},{"t":440,"s":[443.477,626.905,0],"h":1},{"t":442,"s":[446.568,632.916,0],"h":1},{"t":444,"s":[452.102,639.375,0],"h":1},{"t":446,"s":[458.638,645.397,0],"h":1},{"t":448,"s":[465.957,651.003,0],"h":1},{"t":450,"s":[473.492,654.638,0],"h":1},{"t":452,"s":[478.801,656.905,0],"h":1},{"t":454,"s":[482.997,654.534,0],"h":1},{"t":456,"s":[484.113,656.83,0],"h":1},{"t":458,"s":[499.653,645.798,0],"h":1},{"t":460,"s":[499.653,628.298,0],"h":1},{"t":462,"s":[499.653,611.909,0],"h":1},{"t":464,"s":[499.653,596.631,0],"h":1},{"t":466,"s":[499.653,582.464,0],"h":1},{"t":468,"s":[499.653,569.409,0],"h":1},{"t":470,"s":[499.653,557.464,0],"h":1},{"t":472,"s":[499.653,546.631,0],"h":1},{"t":474,"s":[499.653,536.909,0],"h":1},{"t":476,"s":[499.653,528.298,0],"h":1},{"t":478,"s":[499.653,520.798,0],"h":1},{"t":480,"s":[499.653,514.409,0],"h":1},{"t":482,"s":[499.653,509.131,0],"h":1},{"t":484,"s":[499.653,504.964,0],"h":1},{"t":486,"s":[499.653,501.909,0],"h":1},{"t":488,"s":[499.653,499.964,0],"h":1},{"t":490,"s":[499.653,499.131,0],"h":1}],"ix":2},"a":{"a":0,"k":[0,0,0],"ix":1},"s":{"a":0,"k":[100,100,100],"ix":6}},"ao":0,"sy":[{"c":{"a":0,"k":[0,0,0,1],"ix":2},"o":{"a":0,"k":75,"ix":3},"a":{"a":0,"k":120,"ix":5},"s":{"a":0,"k":5,"ix":8},"d":{"a":0,"k":5,"ix":6},"ch":{"a":0,"k":0,"ix":7},"bm":{"a":0,"k":5,"ix":1},"no":{"a":0,"k":0,"ix":9},"lc":{"a":0,"k":1,"ix":10},"ty":1,"nm":"Drop Shadow"},{"c":{"a":0,"k":[0,0,0,1],"ix":2},"o":{"a":0,"k":75,"ix":3},"a":{"a":0,"k":120,"ix":5},"s":{"a":0,"k":5,"ix":8},"d":{"a":0,"k":5,"ix":6},"ch":{"a":0,"k":0,"ix":7},"bm":{"a":0,"k":5,"ix":1},"no":{"a":0,"k":0,"ix":9},"ty":2,"nm":"Inner Shadow"},{"c":{"a":0,"k":[1,1,0.745098039216,1],"ix":5},"o":{"a":0,"k":75,"ix":2},"s":{"a":0,"k":5,"ix":10},"r":{"a":0,"k":50,"ix":11},"ch":{"a":0,"k":0,"ix":9},"bm":{"a":0,"k":11,"ix":1},"no":{"a":0,"k":0,"ix":3},"j":{"a":0,"k":0,"ix":12},"ty":3,"nm":"Outer Glow"},{"c":{"a":0,"k":[1,1,0.745098039216,1],"ix":5},"o":{"a":0,"k":75,"ix":2},"s":{"a":0,"k":5,"ix":11},"r":{"a":0,"k":50,"ix":12},"sr":{"a":0,"k":1,"ix":9},"ch":{"a":0,"k":0,"ix":10},"bm":{"a":0,"k":11,"ix":1},"no":{"a":0,"k":0,"ix":3},"j":{"a":0,"k":0,"ix":13},"ty":4,"nm":"Inner Glow"},{"c":{"a":0,"k":[1,0,0,1],"ix":2},"s":{"a":0,"k":3,"ix":3},"ty":0,"nm":"Stroke"}],"shapes":[{"ty":"gr","it":[{"ind":0,"ty":"sh","ix":1,"ks":{"a":0,"k":{"i":[[0,0],[0,0],[0,0],[0,0],[0,0],[0,0],[0,0],[0,0]],"o":[[0,0],[0,0],[0,0],[0,0],[0,0],[0,0],[0,0],[0,0]],"v":[[23.661,-74.753],[48.214,-74.753],[11.964,-155.823],[-11.199,-155.823],[-47.565,-74.753],[-23.244,-74.753],[-17.916,-88.071],[18.334,-88.071]],"c":true},"ix":2},"nm":"A","mn":"ADBE Vector Shape - Group","hd":false},{"ind":1,"ty":"sh","ix":2,"ks":{"a":0,"k":{"i":[[0,0],[0,0],[0,0]],"o":[[0,0],[0,0],[0,0]],"v":[[10.574,-107.297],[-10.157,-107.297],[0.267,-133.123]],"c":true},"ix":2},"nm":"A","mn":"ADBE Vector Shape - Group","hd":false},{"ty":"mm","mm":1,"nm":"Merge Paths 1","mn":"ADBE Vector Filter - Merge","hd":false},{"ty":"fl","c":{"a":0,"k":[0.015594001845,0.029254571129,0.305882352941,1],"ix":4},"o":{"a":0,"k":100,"ix":5},"r":1,"bm":0,"nm":"Fill 1","mn":"ADBE Vector Graphic - Fill","hd":false},{"ty":"tr","p":{"a":0,"k":[0,0],"ix":2},"a":{"a":0,"k":[0,0],"ix":1},"s":{"a":0,"k":[100,100],"ix":3},"r":{"a":0,"k":0,"ix":6},"o":{"a":0,"k":100,"ix":7},"sk":{"a":0,"k":0,"ix":4},"sa":{"a":0,"k":0,"ix":5},"nm":"Transform"}],"nm":"A","np":5,"cix":2,"bm":0,"ix":1,"mn":"ADBE Vector Group","hd":false}],"ip":0,"op":600,"st":0,"bm":0},{"ddd":0,"ind":4,"ty":4,"nm":"D","sr":1,"ks":{"o":{"a":0,"k":100,"ix":11},"r":{"a":1,"k":[{"t":0,"s":[0],"h":1},{"t":28,"s":[0],"h":1},{"t":30,"s":[-1.63],"h":1},{"t":32,"s":[-2.006],"h":1},{"t":34,"s":[-6.021],"h":1},{"t":36,"s":[-2.704],"h":1},{"t":38,"s":[3.328],"h":1},{"t":40,"s":[9.694],"h":1},{"t":42,"s":[16.122],"h":1},{"t":44,"s":[23.236],"h":1},{"t":46,"s":[29.702],"h":1},{"t":48,"s":[36.32],"h":1},{"t":50,"s":[43.01],"h":1},{"t":52,"s":[49.81],"h":1},{"t":54,"s":[57.137],"h":1},{"t":56,"s":[64.469],"h":1},{"t":58,"s":[71.801],"h":1},{"t":60,"s":[79.133],"h":1},{"t":62,"s":[86.465],"h":1},{"t":64,"s":[93.797],"h":1},{"t":66,"s":[101.128],"h":1},{"t":68,"s":[108.46],"h":1},{"t":70,"s":[115.792],"h":1},{"t":72,"s":[125.67],"h":1},{"t":74,"s":[138.116],"h":1},{"t":76,"s":[150.563],"h":1},{"t":78,"s":[163.009],"h":1},{"t":80,"s":[175.456],"h":1},{"t":82,"s":[187.902],"h":1},{"t":84,"s":[200.349],"h":1},{"t":86,"s":[212.796],"h":1},{"t":88,"s":[219.332],"h":1},{"t":90,"s":[220.635],"h":1},{"t":92,"s":[220.243],"h":1},{"t":94,"s":[219.851],"h":1},{"t":96,"s":[219.46],"h":1},{"t":98,"s":[219.068],"h":1},{"t":100,"s":[218.677],"h":1},{"t":102,"s":[218.491],"h":1},{"t":104,"s":[218.493],"h":1},{"t":106,"s":[218.179],"h":1},{"t":108,"s":[216.949],"h":1},{"t":110,"s":[216.147],"h":1},{"t":112,"s":[215.155],"h":1},{"t":114,"s":[213.246],"h":1},{"t":116,"s":[210.87],"h":1},{"t":118,"s":[208.12],"h":1},{"t":120,"s":[205.182],"h":1},{"t":122,"s":[202.88],"h":1},{"t":124,"s":[201.009],"h":1},{"t":126,"s":[199.135],"h":1},{"t":128,"s":[197.312],"h":1},{"t":130,"s":[195.778],"h":1},{"t":132,"s":[194.538],"h":1},{"t":134,"s":[193.524],"h":1},{"t":136,"s":[192.676],"h":1},{"t":138,"s":[192.289],"h":1},{"t":140,"s":[191.772],"h":1},{"t":142,"s":[191.378],"h":1},{"t":144,"s":[191.176],"h":1},{"t":146,"s":[191.113],"h":1},{"t":148,"s":[191.194],"h":1},{"t":150,"s":[191.422],"h":1},{"t":152,"s":[191.801],"h":1},{"t":154,"s":[192.336],"h":1},{"t":156,"s":[193.037],"h":1},{"t":158,"s":[193.913],"h":1},{"t":160,"s":[194.98],"h":1},{"t":162,"s":[195.914],"h":1},{"t":164,"s":[196.333],"h":1},{"t":166,"s":[196.403],"h":1},{"t":168,"s":[196.117],"h":1},{"t":170,"s":[195.621],"h":1},{"t":172,"s":[195.344],"h":1},{"t":174,"s":[195.261],"h":1},{"t":176,"s":[195.396],"h":1},{"t":178,"s":[195.744],"h":1},{"t":180,"s":[195.835],"h":1},{"t":182,"s":[195.78],"h":1},{"t":184,"s":[195.774],"h":1},{"t":186,"s":[195.783],"h":1},{"t":188,"s":[195.783],"h":1},{"t":190,"s":[195.782],"h":1},{"t":300,"s":[195.782],"h":1},{"t":302,"s":[195.783],"h":1},{"t":304,"s":[195.783],"h":1},{"t":306,"s":[195.774],"h":1},{"t":308,"s":[195.78],"h":1},{"t":310,"s":[195.835],"h":1},{"t":312,"s":[195.744],"h":1},{"t":314,"s":[195.396],"h":1},{"t":316,"s":[195.261],"h":1},{"t":318,"s":[195.344],"h":1},{"t":320,"s":[195.621],"h":1},{"t":322,"s":[196.117],"h":1},{"t":324,"s":[196.403],"h":1},{"t":326,"s":[196.333],"h":1},{"t":328,"s":[195.914],"h":1},{"t":330,"s":[194.98],"h":1},{"t":332,"s":[193.913],"h":1},{"t":334,"s":[193.037],"h":1},{"t":336,"s":[192.336],"h":1},{"t":338,"s":[191.801],"h":1},{"t":340,"s":[191.422],"h":1},{"t":342,"s":[191.194],"h":1},{"t":344,"s":[191.113],"h":1},{"t":346,"s":[191.176],"h":1},{"t":348,"s":[191.378],"h":1},{"t":350,"s":[191.772],"h":1},{"t":352,"s":[192.289],"h":1},{"t":354,"s":[192.676],"h":1},{"t":356,"s":[193.524],"h":1},{"t":358,"s":[194.538],"h":1},{"t":360,"s":[195.778],"h":1},{"t":362,"s":[197.312],"h":1},{"t":364,"s":[199.135],"h":1},{"t":366,"s":[201.009],"h":1},{"t":368,"s":[202.88],"h":1},{"t":370,"s":[205.182],"h":1},{"t":372,"s":[208.12],"h":1},{"t":374,"s":[210.87],"h":1},{"t":376,"s":[213.246],"h":1},{"t":378,"s":[215.155],"h":1},{"t":380,"s":[216.147],"h":1},{"t":382,"s":[216.949],"h":1},{"t":384,"s":[218.179],"h":1},{"t":386,"s":[218.493],"h":1},{"t":388,"s":[218.491],"h":1},{"t":390,"s":[218.677],"h":1},{"t":392,"s":[219.068],"h":1},{"t":394,"s":[219.46],"h":1},{"t":396,"s":[219.851],"h":1},{"t":398,"s":[220.243],"h":1},{"t":400,"s":[220.635],"h":1},{"t":402,"s":[219.332],"h":1},{"t":404,"s":[212.796],"h":1},{"t":406,"s":[200.349],"h":1},{"t":408,"s":[187.902],"h":1},{"t":410,"s":[175.456],"h":1},{"t":412,"s":[163.009],"h":1},{"t":414,"s":[150.563],"h":1},{"t":416,"s":[138.116],"h":1},{"t":418,"s":[125.67],"h":1},{"t":420,"s":[115.792],"h":1},{"t":422,"s":[108.46],"h":1},{"t":424,"s":[101.128],"h":1},{"t":426,"s":[93.797],"h":1},{"t":428,"s":[86.465],"h":1},{"t":430,"s":[79.133],"h":1},{"t":432,"s":[71.801],"h":1},{"t":434,"s":[64.469],"h":1},{"t":436,"s":[57.137],"h":1},{"t":438,"s":[49.81],"h":1},{"t":440,"s":[43.01],"h":1},{"t":442,"s":[36.32],"h":1},{"t":444,"s":[29.702],"h":1},{"t":446,"s":[23.236],"h":1},{"t":448,"s":[16.122],"h":1},{"t":450,"s":[9.694],"h":1},{"t":452,"s":[3.328],"h":1},{"t":454,"s":[-2.704],"h":1},{"t":456,"s":[-6.021],"h":1},{"t":458,"s":[-2.006],"h":1},{"t":460,"s":[-1.63],"h":1},{"t":462,"s":[0],"h":1},{"t":490,"s":[0],"h":1}],"ix":10},"p":{"a":1,"k":[{"t":0,"s":[499.653,499.131,0],"h":1},{"t":2,"s":[499.653,499.964,0],"h":1},{"t":4,"s":[499.653,501.909,0],"h":1},{"t":6,"s":[499.653,504.964,0],"h":1},{"t":8,"s":[499.653,509.131,0],"h":1},{"t":10,"s":[499.653,514.409,0],"h":1},{"t":12,"s":[499.653,520.798,0],"h":1},{"t":14,"s":[499.653,528.298,0],"h":1},{"t":16,"s":[499.653,536.909,0],"h":1},{"t":18,"s":[499.653,546.631,0],"h":1},{"t":20,"s":[499.653,557.464,0],"h":1},{"t":22,"s":[499.653,569.409,0],"h":1},{"t":24,"s":[499.653,582.464,0],"h":1},{"t":26,"s":[499.653,596.631,0],"h":1},{"t":28,"s":[499.653,611.909,0],"h":1},{"t":30,"s":[499.65,619.798,0],"h":1},{"t":32,"s":[499.193,617.861,0],"h":1},{"t":34,"s":[497.411,618.247,0],"h":1},{"t":36,"s":[494.365,618.936,0],"h":1},{"t":38,"s":[491.602,619.505,0],"h":1},{"t":40,"s":[488.185,618.904,0],"h":1},{"t":42,"s":[485.26,618.352,0],"h":1},{"t":44,"s":[482.201,616.266,0],"h":1},{"t":46,"s":[479.424,615.004,0],"h":1},{"t":48,"s":[476.548,614.677,0],"h":1},{"t":50,"s":[473.635,615.163,0],"h":1},{"t":52,"s":[470.68,616.568,0],"h":1},{"t":54,"s":[467.49,618.947,0],"h":1},{"t":56,"s":[464.292,622.401,0],"h":1},{"t":58,"s":[461.088,626.941,0],"h":1},{"t":60,"s":[457.881,632.568,0],"h":1},{"t":62,"s":[454.674,639.281,0],"h":1},{"t":64,"s":[451.47,647.08,0],"h":1},{"t":66,"s":[448.273,655.966,0],"h":1},{"t":68,"s":[445.086,665.94,0],"h":1},{"t":70,"s":[441.911,677.003,0],"h":1},{"t":72,"s":[438.798,685.179,0],"h":1},{"t":74,"s":[435.585,690.851,0],"h":1},{"t":76,"s":[432.434,697.599,0],"h":1},{"t":78,"s":[429.352,705.434,0],"h":1},{"t":80,"s":[426.341,714.374,0],"h":1},{"t":82,"s":[423.402,724.433,0],"h":1},{"t":84,"s":[420.532,735.627,0],"h":1},{"t":86,"s":[417.722,747.97,0],"h":1},{"t":88,"s":[416.6,755.608,0],"h":1},{"t":90,"s":[413.233,755.325,0],"h":1},{"t":92,"s":[409.758,754.435,0],"h":1},{"t":94,"s":[406.284,754.656,0],"h":1},{"t":96,"s":[402.809,755.989,0],"h":1},{"t":98,"s":[399.335,758.433,0],"h":1},{"t":100,"s":[395.86,761.988,0],"h":1},{"t":102,"s":[391.993,765.044,0],"h":1},{"t":104,"s":[387.579,766.768,0],"h":1},{"t":106,"s":[383.34,768.329,0],"h":1},{"t":108,"s":[380.014,766.152,0],"h":1},{"t":110,"s":[376.58,764.477,0],"h":1},{"t":112,"s":[373.283,763.189,0],"h":1},{"t":114,"s":[370.352,762.898,0],"h":1},{"t":116,"s":[367.618,763.296,0],"h":1},{"t":118,"s":[365.011,764.07,0],"h":1},{"t":120,"s":[362.78,763.812,0],"h":1},{"t":122,"s":[360.895,763.124,0],"h":1},{"t":124,"s":[359.155,762.588,0],"h":1},{"t":126,"s":[357.754,762.172,0],"h":1},{"t":128,"s":[356.632,761.866,0],"h":1},{"t":130,"s":[355.65,761.634,0],"h":1},{"t":132,"s":[354.783,761.455,0],"h":1},{"t":134,"s":[354.041,761.317,0],"h":1},{"t":136,"s":[353.436,761.216,0],"h":1},{"t":138,"s":[352.815,761.134,0],"h":1},{"t":140,"s":[352.448,761.081,0],"h":1},{"t":142,"s":[352.207,761.05,0],"h":1},{"t":144,"s":[352.053,761.028,0],"h":1},{"t":148,"s":[352.066,761.027,0],"h":1},{"t":150,"s":[352.23,761.046,0],"h":1},{"t":152,"s":[352.501,761.079,0],"h":1},{"t":154,"s":[352.883,761.13,0],"h":1},{"t":156,"s":[353.383,761.203,0],"h":1},{"t":158,"s":[354.007,761.301,0],"h":1},{"t":160,"s":[354.764,761.434,0],"h":1},{"t":162,"s":[355.5,761.373,0],"h":1},{"t":164,"s":[355.863,761.199,0],"h":1},{"t":166,"s":[355.919,761.172,0],"h":1},{"t":168,"s":[355.672,761.289,0],"h":1},{"t":170,"s":[355.267,761.384,0],"h":1},{"t":172,"s":[355.057,761.34,0],"h":1},{"t":174,"s":[355.005,761.331,0],"h":1},{"t":176,"s":[355.1,761.349,0],"h":1},{"t":178,"s":[355.347,761.398,0],"h":1},{"t":180,"s":[355.443,761.384,0],"h":1},{"t":182,"s":[355.388,761.393,0],"h":1},{"t":308,"s":[355.388,761.393,0],"h":1},{"t":310,"s":[355.443,761.384,0],"h":1},{"t":312,"s":[355.347,761.398,0],"h":1},{"t":314,"s":[355.1,761.349,0],"h":1},{"t":316,"s":[355.005,761.331,0],"h":1},{"t":318,"s":[355.057,761.34,0],"h":1},{"t":320,"s":[355.267,761.384,0],"h":1},{"t":322,"s":[355.672,761.289,0],"h":1},{"t":324,"s":[355.919,761.172,0],"h":1},{"t":326,"s":[355.863,761.199,0],"h":1},{"t":328,"s":[355.5,761.373,0],"h":1},{"t":330,"s":[354.764,761.434,0],"h":1},{"t":332,"s":[354.007,761.301,0],"h":1},{"t":334,"s":[353.383,761.203,0],"h":1},{"t":336,"s":[352.883,761.13,0],"h":1},{"t":338,"s":[352.501,761.079,0],"h":1},{"t":340,"s":[352.23,761.046,0],"h":1},{"t":342,"s":[352.066,761.027,0],"h":1},{"t":346,"s":[352.053,761.028,0],"h":1},{"t":348,"s":[352.207,761.05,0],"h":1},{"t":350,"s":[352.448,761.081,0],"h":1},{"t":352,"s":[352.815,761.134,0],"h":1},{"t":354,"s":[353.436,761.216,0],"h":1},{"t":356,"s":[354.041,761.317,0],"h":1},{"t":358,"s":[354.783,761.455,0],"h":1},{"t":360,"s":[355.65,761.634,0],"h":1},{"t":362,"s":[356.632,761.866,0],"h":1},{"t":364,"s":[357.754,762.172,0],"h":1},{"t":366,"s":[359.155,762.588,0],"h":1},{"t":368,"s":[360.895,763.124,0],"h":1},{"t":370,"s":[362.78,763.812,0],"h":1},{"t":372,"s":[365.011,764.07,0],"h":1},{"t":374,"s":[367.618,763.296,0],"h":1},{"t":376,"s":[370.352,762.898,0],"h":1},{"t":378,"s":[373.283,763.189,0],"h":1},{"t":380,"s":[376.58,764.477,0],"h":1},{"t":382,"s":[380.014,766.152,0],"h":1},{"t":384,"s":[383.34,768.329,0],"h":1},{"t":386,"s":[387.579,766.768,0],"h":1},{"t":388,"s":[391.993,765.044,0],"h":1},{"t":390,"s":[395.86,761.988,0],"h":1},{"t":392,"s":[399.335,758.433,0],"h":1},{"t":394,"s":[402.809,755.989,0],"h":1},{"t":396,"s":[406.284,754.656,0],"h":1},{"t":398,"s":[409.758,754.435,0],"h":1},{"t":400,"s":[413.233,755.325,0],"h":1},{"t":402,"s":[416.6,755.608,0],"h":1},{"t":404,"s":[417.722,747.97,0],"h":1},{"t":406,"s":[420.532,735.627,0],"h":1},{"t":408,"s":[423.402,724.433,0],"h":1},{"t":410,"s":[426.341,714.374,0],"h":1},{"t":412,"s":[429.352,705.434,0],"h":1},{"t":414,"s":[432.434,697.599,0],"h":1},{"t":416,"s":[435.585,690.851,0],"h":1},{"t":418,"s":[438.798,685.179,0],"h":1},{"t":420,"s":[441.911,677.003,0],"h":1},{"t":422,"s":[445.086,665.94,0],"h":1},{"t":424,"s":[448.273,655.966,0],"h":1},{"t":426,"s":[451.47,647.08,0],"h":1},{"t":428,"s":[454.674,639.281,0],"h":1},{"t":430,"s":[457.881,632.568,0],"h":1},{"t":432,"s":[461.088,626.941,0],"h":1},{"t":434,"s":[464.292,622.401,0],"h":1},{"t":436,"s":[467.49,618.947,0],"h":1},{"t":438,"s":[470.68,616.568,0],"h":1},{"t":440,"s":[473.635,615.163,0],"h":1},{"t":442,"s":[476.548,614.677,0],"h":1},{"t":444,"s":[479.424,615.004,0],"h":1},{"t":446,"s":[482.201,616.266,0],"h":1},{"t":448,"s":[485.26,618.352,0],"h":1},{"t":450,"s":[488.185,618.904,0],"h":1},{"t":452,"s":[491.602,619.505,0],"h":1},{"t":454,"s":[494.365,618.936,0],"h":1},{"t":456,"s":[497.411,618.247,0],"h":1},{"t":458,"s":[499.193,617.861,0],"h":1},{"t":460,"s":[499.65,619.798,0],"h":1},{"t":462,"s":[499.653,611.909,0],"h":1},{"t":464,"s":[499.653,596.631,0],"h":1},{"t":466,"s":[499.653,582.464,0],"h":1},{"t":468,"s":[499.653,569.409,0],"h":1},{"t":470,"s":[499.653,557.464,0],"h":1},{"t":472,"s":[499.653,546.631,0],"h":1},{"t":474,"s":[499.653,536.909,0],"h":1},{"t":476,"s":[499.653,528.298,0],"h":1},{"t":478,"s":[499.653,520.798,0],"h":1},{"t":480,"s":[499.653,514.409,0],"h":1},{"t":482,"s":[499.653,509.131,0],"h":1},{"t":484,"s":[499.653,504.964,0],"h":1},{"t":486,"s":[499.653,501.909,0],"h":1},{"t":488,"s":[499.653,499.964,0],"h":1},{"t":490,"s":[499.653,499.131,0],"h":1}],"ix":2},"a":{"a":0,"k":[0,0,0],"ix":1},"s":{"a":0,"k":[100,100,100],"ix":6}},"ao":0,"sy":[{"c":{"a":0,"k":[0,0,0,1],"ix":2},"o":{"a":0,"k":75,"ix":3},"a":{"a":0,"k":120,"ix":5},"s":{"a":0,"k":5,"ix":8},"d":{"a":0,"k":5,"ix":6},"ch":{"a":0,"k":0,"ix":7},"bm":{"a":0,"k":5,"ix":1},"no":{"a":0,"k":0,"ix":9},"lc":{"a":0,"k":1,"ix":10},"ty":1,"nm":"Drop Shadow"},{"c":{"a":0,"k":[0,0,0,1],"ix":2},"o":{"a":0,"k":75,"ix":3},"a":{"a":0,"k":120,"ix":5},"s":{"a":0,"k":5,"ix":8},"d":{"a":0,"k":5,"ix":6},"ch":{"a":0,"k":0,"ix":7},"bm":{"a":0,"k":5,"ix":1},"no":{"a":0,"k":0,"ix":9},"ty":2,"nm":"Inner Shadow"},{"c":{"a":0,"k":[1,1,0.745098039216,1],"ix":5},"o":{"a":0,"k":75,"ix":2},"s":{"a":0,"k":5,"ix":10},"r":{"a":0,"k":50,"ix":11},"ch":{"a":0,"k":0,"ix":9},"bm":{"a":0,"k":11,"ix":1},"no":{"a":0,"k":0,"ix":3},"j":{"a":0,"k":0,"ix":12},"ty":3,"nm":"Outer Glow"},{"c":{"a":0,"k":[1,1,0.745098039216,1],"ix":5},"o":{"a":0,"k":75,"ix":2},"s":{"a":0,"k":5,"ix":11},"r":{"a":0,"k":50,"ix":12},"sr":{"a":0,"k":1,"ix":9},"ch":{"a":0,"k":0,"ix":10},"bm":{"a":0,"k":11,"ix":1},"no":{"a":0,"k":0,"ix":3},"j":{"a":0,"k":0,"ix":13},"ty":4,"nm":"Inner Glow"},{"c":{"a":0,"k":[1,0,0,1],"ix":2},"s":{"a":0,"k":3,"ix":3},"ty":0,"nm":"Stroke"}],"shapes":[{"ty":"gr","it":[{"ind":0,"ty":"sh","ix":1,"ks":{"a":0,"k":{"i":[[0,0],[0,0],[0,0],[0,22.352],[28.606,0]],"o":[[0,0],[0,0],[29.069,0],[0,-22.352],[0,0]],"v":[[-36.109,-40.823],[-36.109,40.247],[-1.365,40.247],[41.023,-0.867],[-1.365,-40.823]],"c":true},"ix":2},"nm":"D","mn":"ADBE Vector Shape - Group","hd":false},{"ind":1,"ty":"sh","ix":2,"ks":{"a":0,"k":{"i":[[0,0],[0,0],[0,-11.118],[14.593,0],[0,0]],"o":[[0,0],[14.014,0],[0,11.118],[0,0],[0,0]],"v":[[-13.41,-21.713],[-1.365,-21.713],[18.323,-1.098],[-1.365,20.906],[-13.41,20.906]],"c":true},"ix":2},"nm":"D","mn":"ADBE Vector Shape - Group","hd":false},{"ty":"mm","mm":1,"nm":"Merge Paths 1","mn":"ADBE Vector Filter - Merge","hd":false},{"ty":"fl","c":{"a":0,"k":[0.015594001845,0.029254571129,0.305882352941,1],"ix":4},"o":{"a":0,"k":100,"ix":5},"r":1,"bm":0,"nm":"Fill 1","mn":"ADBE Vector Graphic - Fill","hd":false},{"ty":"tr","p":{"a":0,"k":[0,0],"ix":2},"a":{"a":0,"k":[0,0],"ix":1},"s":{"a":0,"k":[100,100],"ix":3},"r":{"a":0,"k":0,"ix":6},"o":{"a":0,"k":100,"ix":7},"sk":{"a":0,"k":0,"ix":4},"sa":{"a":0,"k":0,"ix":5},"nm":"Transform"}],"nm":"D","np":5,"cix":2,"bm":0,"ix":1,"mn":"ADBE Vector Group","hd":false}],"ip":0,"op":600,"st":0,"bm":0},{"ddd":0,"ind":5,"ty":4,"nm":"I","sr":1,"ks":{"o":{"a":0,"k":100,"ix":11},"r":{"a":1,"k":[{"t":0,"s":[0],"h":1},{"t":22,"s":[0],"h":1},{"t":24,"s":[-1.648],"h":1},{"t":26,"s":[-1.131],"h":1},{"t":28,"s":[-1.279],"h":1},{"t":30,"s":[-0.772],"h":1},{"t":32,"s":[-0.67],"h":1},{"t":34,"s":[-0.884],"h":1},{"t":36,"s":[-4.874],"h":1},{"t":38,"s":[-2.804],"h":1},{"t":40,"s":[-2.174],"h":1},{"t":42,"s":[-4.046],"h":1},{"t":44,"s":[-1.908],"h":1},{"t":46,"s":[-3.721],"h":1},{"t":48,"s":[-5.671],"h":1},{"t":50,"s":[-7.567],"h":1},{"t":52,"s":[-9.512],"h":1},{"t":54,"s":[-12.809],"h":1},{"t":56,"s":[-14.978],"h":1},{"t":58,"s":[-18.324],"h":1},{"t":60,"s":[-22.214],"h":1},{"t":62,"s":[-24.594],"h":1},{"t":64,"s":[-26.961],"h":1},{"t":66,"s":[-29.498],"h":1},{"t":68,"s":[-32.114],"h":1},{"t":70,"s":[-34.878],"h":1},{"t":72,"s":[-36.651],"h":1},{"t":74,"s":[-40.27],"h":1},{"t":76,"s":[-44.222],"h":1},{"t":78,"s":[-48.232],"h":1},{"t":80,"s":[-52.231],"h":1},{"t":82,"s":[-55.796],"h":1},{"t":84,"s":[-58.91],"h":1},{"t":86,"s":[-61.894],"h":1},{"t":88,"s":[-64.862],"h":1},{"t":90,"s":[-68.14],"h":1},{"t":92,"s":[-77.735],"h":1},{"t":94,"s":[-87.33],"h":1},{"t":96,"s":[-92.053],"h":1},{"t":98,"s":[-89.72],"h":1},{"t":100,"s":[-90.144],"h":1},{"t":102,"s":[-89.931],"h":1},{"t":104,"s":[-89.9],"h":1},{"t":106,"s":[-89.88],"h":1},{"t":108,"s":[-89.867],"h":1},{"t":110,"s":[-89.858],"h":1},{"t":112,"s":[-89.738],"h":1},{"t":114,"s":[-89.727],"h":1},{"t":116,"s":[-89.79],"h":1},{"t":118,"s":[-89.864],"h":1},{"t":372,"s":[-89.864],"h":1},{"t":374,"s":[-89.79],"h":1},{"t":376,"s":[-89.727],"h":1},{"t":378,"s":[-89.738],"h":1},{"t":380,"s":[-89.858],"h":1},{"t":382,"s":[-89.867],"h":1},{"t":384,"s":[-89.88],"h":1},{"t":386,"s":[-89.9],"h":1},{"t":388,"s":[-89.931],"h":1},{"t":390,"s":[-90.144],"h":1},{"t":392,"s":[-89.72],"h":1},{"t":394,"s":[-92.053],"h":1},{"t":396,"s":[-87.33],"h":1},{"t":398,"s":[-77.735],"h":1},{"t":400,"s":[-68.14],"h":1},{"t":402,"s":[-64.862],"h":1},{"t":404,"s":[-61.894],"h":1},{"t":406,"s":[-58.91],"h":1},{"t":408,"s":[-55.796],"h":1},{"t":410,"s":[-52.231],"h":1},{"t":412,"s":[-48.232],"h":1},{"t":414,"s":[-44.222],"h":1},{"t":416,"s":[-40.27],"h":1},{"t":418,"s":[-36.651],"h":1},{"t":420,"s":[-34.878],"h":1},{"t":422,"s":[-32.114],"h":1},{"t":424,"s":[-29.498],"h":1},{"t":426,"s":[-26.961],"h":1},{"t":428,"s":[-24.594],"h":1},{"t":430,"s":[-22.214],"h":1},{"t":432,"s":[-18.324],"h":1},{"t":434,"s":[-14.978],"h":1},{"t":436,"s":[-12.809],"h":1},{"t":438,"s":[-9.512],"h":1},{"t":440,"s":[-7.567],"h":1},{"t":442,"s":[-5.671],"h":1},{"t":444,"s":[-3.721],"h":1},{"t":446,"s":[-1.908],"h":1},{"t":448,"s":[-4.046],"h":1},{"t":450,"s":[-2.174],"h":1},{"t":452,"s":[-2.804],"h":1},{"t":454,"s":[-4.874],"h":1},{"t":456,"s":[-0.884],"h":1},{"t":458,"s":[-0.67],"h":1},{"t":460,"s":[-0.772],"h":1},{"t":462,"s":[-1.279],"h":1},{"t":464,"s":[-1.131],"h":1},{"t":466,"s":[-1.648],"h":1},{"t":468,"s":[0],"h":1},{"t":490,"s":[0],"h":1}],"ix":10},"p":{"a":1,"k":[{"t":0,"s":[499.653,499.131,0],"h":1},{"t":2,"s":[499.653,499.964,0],"h":1},{"t":4,"s":[499.653,501.909,0],"h":1},{"t":6,"s":[499.653,504.964,0],"h":1},{"t":8,"s":[499.653,509.131,0],"h":1},{"t":10,"s":[499.653,514.409,0],"h":1},{"t":12,"s":[499.653,520.798,0],"h":1},{"t":14,"s":[499.653,528.298,0],"h":1},{"t":16,"s":[499.653,536.909,0],"h":1},{"t":18,"s":[499.653,546.631,0],"h":1},{"t":20,"s":[499.653,557.464,0],"h":1},{"t":22,"s":[499.653,569.409,0],"h":1},{"t":24,"s":[497.397,580.306,0],"h":1},{"t":26,"s":[497.979,583.676,0],"h":1},{"t":28,"s":[496.982,582.747,0],"h":1},{"t":30,"s":[498.105,586.56,0],"h":1},{"t":32,"s":[497.733,584.689,0],"h":1},{"t":34,"s":[497.778,585.552,0],"h":1},{"t":36,"s":[487.574,586.001,0],"h":1},{"t":38,"s":[489.98,586.172,0],"h":1},{"t":40,"s":[487.823,585.435,0],"h":1},{"t":42,"s":[477.981,585.841,0],"h":1},{"t":44,"s":[477.377,583.8,0],"h":1},{"t":46,"s":[467.458,583.516,0],"h":1},{"t":48,"s":[457.074,584.03,0],"h":1},{"t":50,"s":[446.81,584.823,0],"h":1},{"t":52,"s":[436.352,585.954,0],"h":1},{"t":54,"s":[422.823,587.782,0],"h":1},{"t":56,"s":[411.643,589.718,0],"h":1},{"t":58,"s":[397.736,592.671,0],"h":1},{"t":60,"s":[382.575,596.907,0],"h":1},{"t":62,"s":[370.968,600.962,0],"h":1},{"t":64,"s":[359.274,605.597,0],"h":1},{"t":66,"s":[347.025,610.967,0],"h":1},{"t":68,"s":[334.491,616.949,0],"h":1},{"t":70,"s":[321.573,623.892,0],"h":1},{"t":72,"s":[309.31,630.929,0],"h":1},{"t":74,"s":[292.812,641.028,0],"h":1},{"t":76,"s":[276.179,653.224,0],"h":1},{"t":78,"s":[259.873,667.045,0],"h":1},{"t":80,"s":[243.999,682.337,0],"h":1},{"t":82,"s":[229.013,698.492,0],"h":1},{"t":84,"s":[214.817,715.368,0],"h":1},{"t":86,"s":[201.03,733.34,0],"h":1},{"t":88,"s":[187.533,752.547,0],"h":1},{"t":90,"s":[174.227,780.646,0],"h":1},{"t":92,"s":[156.463,818.991,0],"h":1},{"t":94,"s":[141.835,859.125,0],"h":1},{"t":96,"s":[135.926,876.101,0],"h":1},{"t":98,"s":[135.198,873.263,0],"h":1},{"t":100,"s":[135.084,873.738,0],"h":1},{"t":102,"s":[135.089,873.415,0],"h":1},{"t":104,"s":[135.089,873.343,0],"h":1},{"t":106,"s":[135.089,873.298,0],"h":1},{"t":108,"s":[135.089,873.269,0],"h":1},{"t":110,"s":[135.089,873.25,0],"h":1},{"t":112,"s":[135.095,873.045,0],"h":1},{"t":114,"s":[135.009,873.037,0],"h":1},{"t":116,"s":[134.781,873.156,0],"h":1},{"t":118,"s":[135.089,873.231,0],"h":1},{"t":372,"s":[135.089,873.231,0],"h":1},{"t":374,"s":[134.781,873.156,0],"h":1},{"t":376,"s":[135.009,873.037,0],"h":1},{"t":378,"s":[135.095,873.045,0],"h":1},{"t":380,"s":[135.089,873.25,0],"h":1},{"t":382,"s":[135.089,873.269,0],"h":1},{"t":384,"s":[135.089,873.298,0],"h":1},{"t":386,"s":[135.089,873.343,0],"h":1},{"t":388,"s":[135.089,873.415,0],"h":1},{"t":390,"s":[135.084,873.738,0],"h":1},{"t":392,"s":[135.198,873.263,0],"h":1},{"t":394,"s":[135.926,876.101,0],"h":1},{"t":396,"s":[141.835,859.125,0],"h":1},{"t":398,"s":[156.463,818.991,0],"h":1},{"t":400,"s":[174.227,780.646,0],"h":1},{"t":402,"s":[187.533,752.547,0],"h":1},{"t":404,"s":[201.03,733.34,0],"h":1},{"t":406,"s":[214.817,715.368,0],"h":1},{"t":408,"s":[229.013,698.492,0],"h":1},{"t":410,"s":[243.999,682.337,0],"h":1},{"t":412,"s":[259.873,667.045,0],"h":1},{"t":414,"s":[276.179,653.224,0],"h":1},{"t":416,"s":[292.812,641.028,0],"h":1},{"t":418,"s":[309.31,630.929,0],"h":1},{"t":420,"s":[321.573,623.892,0],"h":1},{"t":422,"s":[334.491,616.949,0],"h":1},{"t":424,"s":[347.025,610.967,0],"h":1},{"t":426,"s":[359.274,605.597,0],"h":1},{"t":428,"s":[370.968,600.962,0],"h":1},{"t":430,"s":[382.575,596.907,0],"h":1},{"t":432,"s":[397.736,592.671,0],"h":1},{"t":434,"s":[411.643,589.718,0],"h":1},{"t":436,"s":[422.823,587.782,0],"h":1},{"t":438,"s":[436.352,585.954,0],"h":1},{"t":440,"s":[446.81,584.823,0],"h":1},{"t":442,"s":[457.074,584.03,0],"h":1},{"t":444,"s":[467.458,583.516,0],"h":1},{"t":446,"s":[477.377,583.8,0],"h":1},{"t":448,"s":[477.981,585.841,0],"h":1},{"t":450,"s":[487.823,585.435,0],"h":1},{"t":452,"s":[489.98,586.172,0],"h":1},{"t":454,"s":[487.574,586.001,0],"h":1},{"t":456,"s":[497.778,585.552,0],"h":1},{"t":458,"s":[497.733,584.689,0],"h":1},{"t":460,"s":[498.105,586.56,0],"h":1},{"t":462,"s":[496.982,582.747,0],"h":1},{"t":464,"s":[497.979,583.676,0],"h":1},{"t":466,"s":[497.397,580.306,0],"h":1},{"t":468,"s":[499.653,569.409,0],"h":1},{"t":470,"s":[499.653,557.464,0],"h":1},{"t":472,"s":[499.653,546.631,0],"h":1},{"t":474,"s":[499.653,536.909,0],"h":1},{"t":476,"s":[499.653,528.298,0],"h":1},{"t":478,"s":[499.653,520.798,0],"h":1},{"t":480,"s":[499.653,514.409,0],"h":1},{"t":482,"s":[499.653,509.131,0],"h":1},{"t":484,"s":[499.653,504.964,0],"h":1},{"t":486,"s":[499.653,501.909,0],"h":1},{"t":488,"s":[499.653,499.964,0],"h":1},{"t":490,"s":[499.653,499.131,0],"h":1}],"ix":2},"a":{"a":0,"k":[0,0,0],"ix":1},"s":{"a":0,"k":[100,100,100],"ix":6}},"ao":0,"sy":[{"c":{"a":0,"k":[0,0,0,1],"ix":2},"o":{"a":0,"k":75,"ix":3},"a":{"a":0,"k":120,"ix":5},"s":{"a":0,"k":5,"ix":8},"d":{"a":0,"k":5,"ix":6},"ch":{"a":0,"k":0,"ix":7},"bm":{"a":0,"k":5,"ix":1},"no":{"a":0,"k":0,"ix":9},"lc":{"a":0,"k":1,"ix":10},"ty":1,"nm":"Drop Shadow"},{"c":{"a":0,"k":[0,0,0,1],"ix":2},"o":{"a":0,"k":75,"ix":3},"a":{"a":0,"k":120,"ix":5},"s":{"a":0,"k":5,"ix":8},"d":{"a":0,"k":5,"ix":6},"ch":{"a":0,"k":0,"ix":7},"bm":{"a":0,"k":5,"ix":1},"no":{"a":0,"k":0,"ix":9},"ty":2,"nm":"Inner Shadow"},{"c":{"a":0,"k":[1,1,0.745098039216,1],"ix":5},"o":{"a":0,"k":75,"ix":2},"s":{"a":0,"k":5,"ix":10},"r":{"a":0,"k":50,"ix":11},"ch":{"a":0,"k":0,"ix":9},"bm":{"a":0,"k":11,"ix":1},"no":{"a":0,"k":0,"ix":3},"j":{"a":0,"k":0,"ix":12},"ty":3,"nm":"Outer Glow"},{"c":{"a":0,"k":[1,1,0.745098039216,1],"ix":5},"o":{"a":0,"k":75,"ix":2},"s":{"a":0,"k":5,"ix":11},"r":{"a":0,"k":50,"ix":12},"sr":{"a":0,"k":1,"ix":9},"ch":{"a":0,"k":0,"ix":10},"bm":{"a":0,"k":11,"ix":1},"no":{"a":0,"k":0,"ix":3},"j":{"a":0,"k":0,"ix":13},"ty":4,"nm":"Inner Glow"},{"c":{"a":0,"k":[1,0,0,1],"ix":2},"s":{"a":0,"k":3,"ix":3},"ty":0,"nm":"Stroke"}],"shapes":[{"ty":"gr","it":[{"ind":0,"ty":"sh","ix":1,"ks":{"a":0,"k":{"i":[[0,0],[0,0],[0,0],[0,0]],"o":[[0,0],[0,0],[0,0],[0,0]],"v":[[11.546,155.247],[11.546,74.177],[-11.269,74.177],[-11.269,155.247]],"c":true},"ix":2},"nm":"I","mn":"ADBE Vector Shape - Group","hd":false},{"ty":"fl","c":{"a":0,"k":[0.015594001845,0.029254571129,0.305882352941,1],"ix":4},"o":{"a":0,"k":100,"ix":5},"r":1,"bm":0,"nm":"Fill 1","mn":"ADBE Vector Graphic - Fill","hd":false},{"ty":"tr","p":{"a":0,"k":[0,0],"ix":2},"a":{"a":0,"k":[0,0],"ix":1},"s":{"a":0,"k":[100,100],"ix":3},"r":{"a":0,"k":0,"ix":6},"o":{"a":0,"k":100,"ix":7},"sk":{"a":0,"k":0,"ix":4},"sa":{"a":0,"k":0,"ix":5},"nm":"Transform"}],"nm":"I","np":3,"cix":2,"bm":0,"ix":1,"mn":"ADBE Vector Group","hd":false}],"ip":0,"op":600,"st":0,"bm":0},{"ddd":0,"ind":6,"ty":4,"nm":"N","sr":1,"ks":{"o":{"a":0,"k":100,"ix":11},"r":{"a":1,"k":[{"t":0,"s":[0],"h":1},{"t":14,"s":[0],"h":1},{"t":16,"s":[-0.041],"h":1},{"t":18,"s":[-0.165],"h":1},{"t":20,"s":[-0.288],"h":1},{"t":22,"s":[-0.412],"h":1},{"t":24,"s":[-1.615],"h":1},{"t":26,"s":[-1.423],"h":1},{"t":28,"s":[-1.567],"h":1},{"t":30,"s":[-2.282],"h":1},{"t":32,"s":[-2.221],"h":1},{"t":34,"s":[-2.141],"h":1},{"t":36,"s":[-2.39],"h":1},{"t":38,"s":[-3.486],"h":1},{"t":40,"s":[-4.435],"h":1},{"t":42,"s":[-6.36],"h":1},{"t":44,"s":[-7.933],"h":1},{"t":46,"s":[-9.624],"h":1},{"t":48,"s":[-11.648],"h":1},{"t":50,"s":[-13.605],"h":1},{"t":52,"s":[-15.596],"h":1},{"t":54,"s":[-17.465],"h":1},{"t":56,"s":[-19.633],"h":1},{"t":58,"s":[-21.559],"h":1},{"t":60,"s":[-23.55],"h":1},{"t":62,"s":[-25.87],"h":1},{"t":64,"s":[-28.217],"h":1},{"t":66,"s":[-30.75],"h":1},{"t":68,"s":[-33.369],"h":1},{"t":70,"s":[-36.14],"h":1},{"t":72,"s":[-39.903],"h":1},{"t":74,"s":[-43.781],"h":1},{"t":76,"s":[-47.483],"h":1},{"t":78,"s":[-51.161],"h":1},{"t":80,"s":[-54.837],"h":1},{"t":82,"s":[-59.573],"h":1},{"t":84,"s":[-65.31],"h":1},{"t":86,"s":[-71.008],"h":1},{"t":88,"s":[-70.264],"h":1},{"t":90,"s":[-82.658],"h":1},{"t":92,"s":[-97.097],"h":1},{"t":94,"s":[-100.852],"h":1},{"t":96,"s":[-109.164],"h":1},{"t":98,"s":[-118.082],"h":1},{"t":100,"s":[-127.001],"h":1},{"t":102,"s":[-135.92],"h":1},{"t":104,"s":[-143.633],"h":1},{"t":106,"s":[-148.216],"h":1},{"t":108,"s":[-150.159],"h":1},{"t":110,"s":[-152.422],"h":1},{"t":112,"s":[-153.913],"h":1},{"t":114,"s":[-153.923],"h":1},{"t":116,"s":[-153.28],"h":1},{"t":118,"s":[-152.599],"h":1},{"t":120,"s":[-152.566],"h":1},{"t":122,"s":[-152.771],"h":1},{"t":124,"s":[-153.063],"h":1},{"t":126,"s":[-153.123],"h":1},{"t":128,"s":[-153.03],"h":1},{"t":130,"s":[-152.981],"h":1},{"t":132,"s":[-152.978],"h":1},{"t":134,"s":[-152.993],"h":1},{"t":136,"s":[-152.993],"h":1},{"t":138,"s":[-153.089],"h":1},{"t":140,"s":[-153.084],"h":1},{"t":142,"s":[-153.062],"h":1},{"t":144,"s":[-153.068],"h":1},{"t":160,"s":[-153.069],"h":1},{"t":162,"s":[-153.049],"h":1},{"t":164,"s":[-153.05],"h":1},{"t":166,"s":[-153.054],"h":1},{"t":168,"s":[-153.053],"h":1},{"t":170,"s":[-153.068],"h":1},{"t":172,"s":[-153.077],"h":1},{"t":174,"s":[-153.073],"h":1},{"t":178,"s":[-153.073],"h":1},{"t":180,"s":[-153.052],"h":1},{"t":182,"s":[-153.066],"h":1},{"t":184,"s":[-153.072],"h":1},{"t":186,"s":[-153.067],"h":1},{"t":304,"s":[-153.067],"h":1},{"t":306,"s":[-153.072],"h":1},{"t":308,"s":[-153.066],"h":1},{"t":310,"s":[-153.052],"h":1},{"t":312,"s":[-153.073],"h":1},{"t":316,"s":[-153.073],"h":1},{"t":318,"s":[-153.077],"h":1},{"t":320,"s":[-153.068],"h":1},{"t":322,"s":[-153.053],"h":1},{"t":324,"s":[-153.054],"h":1},{"t":326,"s":[-153.05],"h":1},{"t":328,"s":[-153.049],"h":1},{"t":330,"s":[-153.069],"h":1},{"t":346,"s":[-153.068],"h":1},{"t":348,"s":[-153.062],"h":1},{"t":350,"s":[-153.084],"h":1},{"t":352,"s":[-153.089],"h":1},{"t":354,"s":[-152.993],"h":1},{"t":356,"s":[-152.993],"h":1},{"t":358,"s":[-152.978],"h":1},{"t":360,"s":[-152.981],"h":1},{"t":362,"s":[-153.03],"h":1},{"t":364,"s":[-153.123],"h":1},{"t":366,"s":[-153.063],"h":1},{"t":368,"s":[-152.771],"h":1},{"t":370,"s":[-152.566],"h":1},{"t":372,"s":[-152.599],"h":1},{"t":374,"s":[-153.28],"h":1},{"t":376,"s":[-153.923],"h":1},{"t":378,"s":[-153.913],"h":1},{"t":380,"s":[-152.422],"h":1},{"t":382,"s":[-150.159],"h":1},{"t":384,"s":[-148.216],"h":1},{"t":386,"s":[-143.633],"h":1},{"t":388,"s":[-135.92],"h":1},{"t":390,"s":[-127.001],"h":1},{"t":392,"s":[-118.082],"h":1},{"t":394,"s":[-109.164],"h":1},{"t":396,"s":[-100.852],"h":1},{"t":398,"s":[-97.097],"h":1},{"t":400,"s":[-82.658],"h":1},{"t":402,"s":[-70.264],"h":1},{"t":404,"s":[-71.008],"h":1},{"t":406,"s":[-65.31],"h":1},{"t":408,"s":[-59.573],"h":1},{"t":410,"s":[-54.837],"h":1},{"t":412,"s":[-51.161],"h":1},{"t":414,"s":[-47.483],"h":1},{"t":416,"s":[-43.781],"h":1},{"t":418,"s":[-39.903],"h":1},{"t":420,"s":[-36.14],"h":1},{"t":422,"s":[-33.369],"h":1},{"t":424,"s":[-30.75],"h":1},{"t":426,"s":[-28.217],"h":1},{"t":428,"s":[-25.87],"h":1},{"t":430,"s":[-23.55],"h":1},{"t":432,"s":[-21.559],"h":1},{"t":434,"s":[-19.633],"h":1},{"t":436,"s":[-17.465],"h":1},{"t":438,"s":[-15.596],"h":1},{"t":440,"s":[-13.605],"h":1},{"t":442,"s":[-11.648],"h":1},{"t":444,"s":[-9.624],"h":1},{"t":446,"s":[-7.933],"h":1},{"t":448,"s":[-6.36],"h":1},{"t":450,"s":[-4.435],"h":1},{"t":452,"s":[-3.486],"h":1},{"t":454,"s":[-2.39],"h":1},{"t":456,"s":[-2.141],"h":1},{"t":458,"s":[-2.221],"h":1},{"t":460,"s":[-2.282],"h":1},{"t":462,"s":[-1.567],"h":1},{"t":464,"s":[-1.423],"h":1},{"t":466,"s":[-1.615],"h":1},{"t":468,"s":[-0.412],"h":1},{"t":470,"s":[-0.288],"h":1},{"t":472,"s":[-0.165],"h":1},{"t":474,"s":[-0.041],"h":1},{"t":476,"s":[0],"h":1},{"t":490,"s":[0],"h":1}],"ix":10},"p":{"a":1,"k":[{"t":0,"s":[499.653,499.131,0],"h":1},{"t":2,"s":[499.653,499.964,0],"h":1},{"t":4,"s":[499.653,501.909,0],"h":1},{"t":6,"s":[499.653,504.964,0],"h":1},{"t":8,"s":[499.653,509.131,0],"h":1},{"t":10,"s":[499.653,514.409,0],"h":1},{"t":12,"s":[499.653,520.798,0],"h":1},{"t":14,"s":[499.653,528.298,0],"h":1},{"t":16,"s":[499.256,531.224,0],"h":1},{"t":18,"s":[498.318,529.577,0],"h":1},{"t":20,"s":[497.38,529.042,0],"h":1},{"t":22,"s":[496.442,529.619,0],"h":1},{"t":24,"s":[490.767,532.263,0],"h":1},{"t":26,"s":[491.163,531.977,0],"h":1},{"t":28,"s":[490.293,532.084,0],"h":1},{"t":30,"s":[486.772,532.75,0],"h":1},{"t":32,"s":[486.694,532.404,0],"h":1},{"t":34,"s":[487.263,532.703,0],"h":1},{"t":36,"s":[486.571,532.549,0],"h":1},{"t":38,"s":[480.261,533.19,0],"h":1},{"t":40,"s":[473.061,533.252,0],"h":1},{"t":42,"s":[461.322,534.216,0],"h":1},{"t":44,"s":[450.593,535.021,0],"h":1},{"t":46,"s":[439.783,536.286,0],"h":1},{"t":48,"s":[427.865,538.338,0],"h":1},{"t":50,"s":[416.161,540.629,0],"h":1},{"t":52,"s":[404.302,543.317,0],"h":1},{"t":54,"s":[393.272,546.162,0],"h":1},{"t":56,"s":[380.916,549.613,0],"h":1},{"t":58,"s":[369.663,553.155,0],"h":1},{"t":60,"s":[358.235,557.154,0],"h":1},{"t":62,"s":[345.168,562.271,0],"h":1},{"t":64,"s":[331.965,568.031,0],"h":1},{"t":66,"s":[318.115,574.683,0],"h":1},{"t":68,"s":[303.986,582.065,0],"h":1},{"t":70,"s":[289.445,590.566,0],"h":1},{"t":72,"s":[271.358,603.242,0],"h":1},{"t":74,"s":[252.671,616.408,0],"h":1},{"t":76,"s":[235.17,630.856,0],"h":1},{"t":78,"s":[218.426,646.974,0],"h":1},{"t":80,"s":[202.425,664.786,0],"h":1},{"t":82,"s":[185.135,687.374,0],"h":1},{"t":84,"s":[167.616,714.994,0],"h":1},{"t":86,"s":[152.242,744.524,0],"h":1},{"t":88,"s":[144.294,754.454,0],"h":1},{"t":90,"s":[123.905,810.016,0],"h":1},{"t":92,"s":[117.344,869.047,0],"h":1},{"t":94,"s":[116.956,876.416,0],"h":1},{"t":96,"s":[123.284,905.048,0],"h":1},{"t":98,"s":[135.058,936.429,0],"h":1},{"t":100,"s":[151.73,966.3,0],"h":1},{"t":102,"s":[172.835,993.932,0],"h":1},{"t":104,"s":[193.406,1014.918,0],"h":1},{"t":106,"s":[204.833,1026.119,0],"h":1},{"t":108,"s":[208.945,1030.645,0],"h":1},{"t":110,"s":[214.713,1035.484,0],"h":1},{"t":112,"s":[218.185,1038.469,0],"h":1},{"t":114,"s":[216.899,1038.272,0],"h":1},{"t":116,"s":[213.654,1036.896,0],"h":1},{"t":118,"s":[210.728,1035.692,0],"h":1},{"t":120,"s":[210.603,1035.655,0],"h":1},{"t":122,"s":[211.089,1036.129,0],"h":1},{"t":124,"s":[211.828,1036.746,0],"h":1},{"t":126,"s":[211.969,1036.874,0],"h":1},{"t":128,"s":[211.715,1036.683,0],"h":1},{"t":130,"s":[211.599,1036.575,0],"h":1},{"t":132,"s":[211.592,1036.564,0],"h":1},{"t":134,"s":[211.63,1036.592,0],"h":1},{"t":136,"s":[211.63,1036.592,0],"h":1},{"t":138,"s":[211.685,1036.783,0],"h":1},{"t":140,"s":[211.663,1036.774,0],"h":1},{"t":142,"s":[211.603,1036.729,0],"h":1},{"t":160,"s":[211.616,1036.742,0],"h":1},{"t":162,"s":[211.559,1036.7,0],"h":1},{"t":168,"s":[211.569,1036.707,0],"h":1},{"t":170,"s":[211.621,1036.737,0],"h":1},{"t":178,"s":[211.634,1036.747,0],"h":1},{"t":182,"s":[211.616,1036.733,0],"h":1},{"t":308,"s":[211.616,1036.733,0],"h":1},{"t":312,"s":[211.634,1036.747,0],"h":1},{"t":320,"s":[211.621,1036.737,0],"h":1},{"t":322,"s":[211.569,1036.707,0],"h":1},{"t":328,"s":[211.559,1036.7,0],"h":1},{"t":330,"s":[211.616,1036.742,0],"h":1},{"t":348,"s":[211.603,1036.729,0],"h":1},{"t":350,"s":[211.663,1036.774,0],"h":1},{"t":352,"s":[211.685,1036.783,0],"h":1},{"t":354,"s":[211.63,1036.592,0],"h":1},{"t":356,"s":[211.63,1036.592,0],"h":1},{"t":358,"s":[211.592,1036.564,0],"h":1},{"t":360,"s":[211.599,1036.575,0],"h":1},{"t":362,"s":[211.715,1036.683,0],"h":1},{"t":364,"s":[211.969,1036.874,0],"h":1},{"t":366,"s":[211.828,1036.746,0],"h":1},{"t":368,"s":[211.089,1036.129,0],"h":1},{"t":370,"s":[210.603,1035.655,0],"h":1},{"t":372,"s":[210.728,1035.692,0],"h":1},{"t":374,"s":[213.654,1036.896,0],"h":1},{"t":376,"s":[216.899,1038.272,0],"h":1},{"t":378,"s":[218.185,1038.469,0],"h":1},{"t":380,"s":[214.713,1035.484,0],"h":1},{"t":382,"s":[208.945,1030.645,0],"h":1},{"t":384,"s":[204.833,1026.119,0],"h":1},{"t":386,"s":[193.406,1014.918,0],"h":1},{"t":388,"s":[172.835,993.932,0],"h":1},{"t":390,"s":[151.73,966.3,0],"h":1},{"t":392,"s":[135.058,936.429,0],"h":1},{"t":394,"s":[123.284,905.048,0],"h":1},{"t":396,"s":[116.956,876.416,0],"h":1},{"t":398,"s":[117.344,869.047,0],"h":1},{"t":400,"s":[123.905,810.016,0],"h":1},{"t":402,"s":[144.294,754.454,0],"h":1},{"t":404,"s":[152.242,744.524,0],"h":1},{"t":406,"s":[167.616,714.994,0],"h":1},{"t":408,"s":[185.135,687.374,0],"h":1},{"t":410,"s":[202.425,664.786,0],"h":1},{"t":412,"s":[218.426,646.974,0],"h":1},{"t":414,"s":[235.17,630.856,0],"h":1},{"t":416,"s":[252.671,616.408,0],"h":1},{"t":418,"s":[271.358,603.242,0],"h":1},{"t":420,"s":[289.445,590.566,0],"h":1},{"t":422,"s":[303.986,582.065,0],"h":1},{"t":424,"s":[318.115,574.683,0],"h":1},{"t":426,"s":[331.965,568.031,0],"h":1},{"t":428,"s":[345.168,562.271,0],"h":1},{"t":430,"s":[358.235,557.154,0],"h":1},{"t":432,"s":[369.663,553.155,0],"h":1},{"t":434,"s":[380.916,549.613,0],"h":1},{"t":436,"s":[393.272,546.162,0],"h":1},{"t":438,"s":[404.302,543.317,0],"h":1},{"t":440,"s":[416.161,540.629,0],"h":1},{"t":442,"s":[427.865,538.338,0],"h":1},{"t":444,"s":[439.783,536.286,0],"h":1},{"t":446,"s":[450.593,535.021,0],"h":1},{"t":448,"s":[461.322,534.216,0],"h":1},{"t":450,"s":[473.061,533.252,0],"h":1},{"t":452,"s":[480.261,533.19,0],"h":1},{"t":454,"s":[486.571,532.549,0],"h":1},{"t":456,"s":[487.263,532.703,0],"h":1},{"t":458,"s":[486.694,532.404,0],"h":1},{"t":460,"s":[486.772,532.75,0],"h":1},{"t":462,"s":[490.293,532.084,0],"h":1},{"t":464,"s":[491.163,531.977,0],"h":1},{"t":466,"s":[490.767,532.263,0],"h":1},{"t":468,"s":[496.442,529.619,0],"h":1},{"t":470,"s":[497.38,529.042,0],"h":1},{"t":472,"s":[498.318,529.577,0],"h":1},{"t":474,"s":[499.256,531.224,0],"h":1},{"t":476,"s":[499.653,528.298,0],"h":1},{"t":478,"s":[499.653,520.798,0],"h":1},{"t":480,"s":[499.653,514.409,0],"h":1},{"t":482,"s":[499.653,509.131,0],"h":1},{"t":484,"s":[499.653,504.964,0],"h":1},{"t":486,"s":[499.653,501.909,0],"h":1},{"t":488,"s":[499.653,499.964,0],"h":1},{"t":490,"s":[499.653,499.131,0],"h":1}],"ix":2},"a":{"a":0,"k":[0,0,0],"ix":1},"s":{"a":0,"k":[100,100,100],"ix":6}},"ao":0,"sy":[{"c":{"a":0,"k":[0,0,0,1],"ix":2},"o":{"a":0,"k":75,"ix":3},"a":{"a":0,"k":120,"ix":5},"s":{"a":0,"k":5,"ix":8},"d":{"a":0,"k":5,"ix":6},"ch":{"a":0,"k":0,"ix":7},"bm":{"a":0,"k":5,"ix":1},"no":{"a":0,"k":0,"ix":9},"lc":{"a":0,"k":1,"ix":10},"ty":1,"nm":"Drop Shadow"},{"c":{"a":0,"k":[0,0,0,1],"ix":2},"o":{"a":0,"k":75,"ix":3},"a":{"a":0,"k":120,"ix":5},"s":{"a":0,"k":5,"ix":8},"d":{"a":0,"k":5,"ix":6},"ch":{"a":0,"k":0,"ix":7},"bm":{"a":0,"k":5,"ix":1},"no":{"a":0,"k":0,"ix":9},"ty":2,"nm":"Inner Shadow"},{"c":{"a":0,"k":[1,1,0.745098039216,1],"ix":5},"o":{"a":0,"k":75,"ix":2},"s":{"a":0,"k":5,"ix":10},"r":{"a":0,"k":50,"ix":11},"ch":{"a":0,"k":0,"ix":9},"bm":{"a":0,"k":11,"ix":1},"no":{"a":0,"k":0,"ix":3},"j":{"a":0,"k":0,"ix":12},"ty":3,"nm":"Outer Glow"},{"c":{"a":0,"k":[1,1,0.745098039216,1],"ix":5},"o":{"a":0,"k":75,"ix":2},"s":{"a":0,"k":5,"ix":11},"r":{"a":0,"k":50,"ix":12},"sr":{"a":0,"k":1,"ix":9},"ch":{"a":0,"k":0,"ix":10},"bm":{"a":0,"k":11,"ix":1},"no":{"a":0,"k":0,"ix":3},"j":{"a":0,"k":0,"ix":13},"ty":4,"nm":"Inner Glow"},{"c":{"a":0,"k":[1,0,0,1],"ix":2},"s":{"a":0,"k":3,"ix":3},"ty":0,"nm":"Stroke"}],"shapes":[{"ty":"gr","it":[{"ind":0,"ty":"sh","ix":1,"ks":{"a":0,"k":{"i":[[0,0],[0,0],[0,0],[0,0],[0,0],[0,0],[0,0],[0,0],[0,0],[0,0],[0,0],[-0.579,-9.728]],"o":[[0,0],[0,0],[0,0],[0,0],[0,0],[0,0],[0,0],[0,0],[0,0],[0,0],[0.116,3.127],[0,0]],"v":[[-18.264,189.177],[-37.72,189.177],[-37.72,270.247],[-14.557,270.247],[-14.557,244.305],[-14.905,226.585],[18.913,270.247],[38.37,270.247],[38.37,189.177],[15.323,189.177],[15.323,216.973],[16.017,233.534]],"c":true},"ix":2},"nm":"N","mn":"ADBE Vector Shape - Group","hd":false},{"ty":"fl","c":{"a":0,"k":[0.015594001845,0.029254571129,0.305882352941,1],"ix":4},"o":{"a":0,"k":100,"ix":5},"r":1,"bm":0,"nm":"Fill 1","mn":"ADBE Vector Graphic - Fill","hd":false},{"ty":"tr","p":{"a":0,"k":[0,0],"ix":2},"a":{"a":0,"k":[0,0],"ix":1},"s":{"a":0,"k":[100,100],"ix":3},"r":{"a":0,"k":0,"ix":6},"o":{"a":0,"k":100,"ix":7},"sk":{"a":0,"k":0,"ix":4},"sa":{"a":0,"k":0,"ix":5},"nm":"Transform"}],"nm":"N","np":3,"cix":2,"bm":0,"ix":1,"mn":"ADBE Vector Group","hd":false}],"ip":0,"op":600,"st":0,"bm":0},{"ddd":0,"ind":7,"ty":4,"nm":"G","sr":1,"ks":{"o":{"a":0,"k":100,"ix":11},"r":{"a":1,"k":[{"t":0,"s":[0],"h":1},{"t":2,"s":[-0.425],"h":1},{"t":4,"s":[-0.676],"h":1},{"t":6,"s":[-1.031],"h":1},{"t":8,"s":[-1.493],"h":1},{"t":10,"s":[-2.016],"h":1},{"t":12,"s":[-2.477],"h":1},{"t":14,"s":[-2.88],"h":1},{"t":16,"s":[-3.062],"h":1},{"t":18,"s":[-3.22],"h":1},{"t":20,"s":[-3.333],"h":1},{"t":22,"s":[-3.402],"h":1},{"t":24,"s":[-3.43],"h":1},{"t":26,"s":[-3.795],"h":1},{"t":28,"s":[-3.872],"h":1},{"t":30,"s":[-4.018],"h":1},{"t":32,"s":[-3.925],"h":1},{"t":34,"s":[-3.648],"h":1},{"t":36,"s":[-3.176],"h":1},{"t":38,"s":[-3.857],"h":1},{"t":40,"s":[-5.209],"h":1},{"t":42,"s":[-6.938],"h":1},{"t":44,"s":[-9.234],"h":1},{"t":46,"s":[-11.168],"h":1},{"t":48,"s":[-12.874],"h":1},{"t":50,"s":[-14.712],"h":1},{"t":52,"s":[-16.608],"h":1},{"t":54,"s":[-18.375],"h":1},{"t":56,"s":[-20.187],"h":1},{"t":58,"s":[-22.124],"h":1},{"t":60,"s":[-24.061],"h":1},{"t":62,"s":[-26.26],"h":1},{"t":64,"s":[-28.644],"h":1},{"t":66,"s":[-31.109],"h":1},{"t":68,"s":[-33.768],"h":1},{"t":70,"s":[-36.553],"h":1},{"t":72,"s":[-39.492],"h":1},{"t":74,"s":[-43.098],"h":1},{"t":76,"s":[-46.718],"h":1},{"t":78,"s":[-50.36],"h":1},{"t":80,"s":[-53.999],"h":1},{"t":82,"s":[-58.115],"h":1},{"t":84,"s":[-62.654],"h":1},{"t":86,"s":[-67.213],"h":1},{"t":88,"s":[-72.418],"h":1},{"t":90,"s":[-74.856],"h":1},{"t":92,"s":[-77.2],"h":1},{"t":94,"s":[-79.537],"h":1},{"t":96,"s":[-81.803],"h":1},{"t":98,"s":[-84.041],"h":1},{"t":100,"s":[-86.289],"h":1},{"t":102,"s":[-89.004],"h":1},{"t":104,"s":[-92.432],"h":1},{"t":106,"s":[-95.694],"h":1},{"t":108,"s":[-98.639],"h":1},{"t":110,"s":[-101.514],"h":1},{"t":112,"s":[-104.267],"h":1},{"t":114,"s":[-106.956],"h":1},{"t":116,"s":[-109.58],"h":1},{"t":118,"s":[-112.082],"h":1},{"t":120,"s":[-114.518],"h":1},{"t":122,"s":[-116.88],"h":1},{"t":124,"s":[-119.111],"h":1},{"t":126,"s":[-121.26],"h":1},{"t":128,"s":[-123.361],"h":1},{"t":130,"s":[-125.76],"h":1},{"t":132,"s":[-128.348],"h":1},{"t":134,"s":[-130.884],"h":1},{"t":136,"s":[-133.22],"h":1},{"t":138,"s":[-133.592],"h":1},{"t":140,"s":[-133.597],"h":1},{"t":142,"s":[-133.585],"h":1},{"t":144,"s":[-133.592],"h":1},{"t":146,"s":[-133.594],"h":1},{"t":148,"s":[-133.595],"h":1},{"t":150,"s":[-133.596],"h":1},{"t":160,"s":[-133.598],"h":1},{"t":162,"s":[-133.58],"h":1},{"t":164,"s":[-133.581],"h":1},{"t":166,"s":[-133.585],"h":1},{"t":168,"s":[-133.584],"h":1},{"t":170,"s":[-133.654],"h":1},{"t":172,"s":[-133.662],"h":1},{"t":174,"s":[-133.66],"h":1},{"t":178,"s":[-133.66],"h":1},{"t":180,"s":[-133.646],"h":1},{"t":182,"s":[-133.652],"h":1},{"t":184,"s":[-133.657],"h":1},{"t":186,"s":[-133.654],"h":1},{"t":304,"s":[-133.654],"h":1},{"t":306,"s":[-133.657],"h":1},{"t":308,"s":[-133.652],"h":1},{"t":310,"s":[-133.646],"h":1},{"t":312,"s":[-133.66],"h":1},{"t":316,"s":[-133.66],"h":1},{"t":318,"s":[-133.662],"h":1},{"t":320,"s":[-133.654],"h":1},{"t":322,"s":[-133.584],"h":1},{"t":324,"s":[-133.585],"h":1},{"t":326,"s":[-133.581],"h":1},{"t":328,"s":[-133.58],"h":1},{"t":330,"s":[-133.598],"h":1},{"t":340,"s":[-133.596],"h":1},{"t":342,"s":[-133.595],"h":1},{"t":344,"s":[-133.594],"h":1},{"t":346,"s":[-133.592],"h":1},{"t":348,"s":[-133.585],"h":1},{"t":350,"s":[-133.597],"h":1},{"t":352,"s":[-133.592],"h":1},{"t":354,"s":[-133.22],"h":1},{"t":356,"s":[-130.884],"h":1},{"t":358,"s":[-128.348],"h":1},{"t":360,"s":[-125.76],"h":1},{"t":362,"s":[-123.361],"h":1},{"t":364,"s":[-121.26],"h":1},{"t":366,"s":[-119.111],"h":1},{"t":368,"s":[-116.88],"h":1},{"t":370,"s":[-114.518],"h":1},{"t":372,"s":[-112.082],"h":1},{"t":374,"s":[-109.58],"h":1},{"t":376,"s":[-106.956],"h":1},{"t":378,"s":[-104.267],"h":1},{"t":380,"s":[-101.514],"h":1},{"t":382,"s":[-98.639],"h":1},{"t":384,"s":[-95.694],"h":1},{"t":386,"s":[-92.432],"h":1},{"t":388,"s":[-89.004],"h":1},{"t":390,"s":[-86.289],"h":1},{"t":392,"s":[-84.041],"h":1},{"t":394,"s":[-81.803],"h":1},{"t":396,"s":[-79.537],"h":1},{"t":398,"s":[-77.2],"h":1},{"t":400,"s":[-74.856],"h":1},{"t":402,"s":[-72.418],"h":1},{"t":404,"s":[-67.213],"h":1},{"t":406,"s":[-62.654],"h":1},{"t":408,"s":[-58.115],"h":1},{"t":410,"s":[-53.999],"h":1},{"t":412,"s":[-50.36],"h":1},{"t":414,"s":[-46.718],"h":1},{"t":416,"s":[-43.098],"h":1},{"t":418,"s":[-39.492],"h":1},{"t":420,"s":[-36.553],"h":1},{"t":422,"s":[-33.768],"h":1},{"t":424,"s":[-31.109],"h":1},{"t":426,"s":[-28.644],"h":1},{"t":428,"s":[-26.26],"h":1},{"t":430,"s":[-24.061],"h":1},{"t":432,"s":[-22.124],"h":1},{"t":434,"s":[-20.187],"h":1},{"t":436,"s":[-18.375],"h":1},{"t":438,"s":[-16.608],"h":1},{"t":440,"s":[-14.712],"h":1},{"t":442,"s":[-12.874],"h":1},{"t":444,"s":[-11.168],"h":1},{"t":446,"s":[-9.234],"h":1},{"t":448,"s":[-6.938],"h":1},{"t":450,"s":[-5.209],"h":1},{"t":452,"s":[-3.857],"h":1},{"t":454,"s":[-3.176],"h":1},{"t":456,"s":[-3.648],"h":1},{"t":458,"s":[-3.925],"h":1},{"t":460,"s":[-4.018],"h":1},{"t":462,"s":[-3.872],"h":1},{"t":464,"s":[-3.795],"h":1},{"t":466,"s":[-3.43],"h":1},{"t":468,"s":[-3.402],"h":1},{"t":470,"s":[-3.333],"h":1},{"t":472,"s":[-3.22],"h":1},{"t":474,"s":[-3.062],"h":1},{"t":476,"s":[-2.88],"h":1},{"t":478,"s":[-2.477],"h":1},{"t":480,"s":[-2.016],"h":1},{"t":482,"s":[-1.493],"h":1},{"t":484,"s":[-1.031],"h":1},{"t":486,"s":[-0.676],"h":1},{"t":488,"s":[-0.425],"h":1},{"t":490,"s":[0],"h":1}],"ix":10},"p":{"a":1,"k":[{"t":0,"s":[499.653,499.131,0],"h":1},{"t":2,"s":[497.008,498.431,0],"h":1},{"t":4,"s":[495.308,498.467,0],"h":1},{"t":6,"s":[492.903,498.53,0],"h":1},{"t":8,"s":[489.78,498.634,0],"h":1},{"t":10,"s":[486.235,498.747,0],"h":1},{"t":12,"s":[483.122,498.837,0],"h":1},{"t":14,"s":[480.397,498.938,0],"h":1},{"t":16,"s":[479.089,498.989,0],"h":1},{"t":18,"s":[478.025,499.036,0],"h":1},{"t":20,"s":[477.263,499.073,0],"h":1},{"t":22,"s":[476.793,499.096,0],"h":1},{"t":24,"s":[476.607,499.105,0],"h":1},{"t":26,"s":[474.069,499.445,0],"h":1},{"t":28,"s":[473.465,499.527,0],"h":1},{"t":30,"s":[472.433,499.654,0],"h":1},{"t":32,"s":[472.876,499.566,0],"h":1},{"t":34,"s":[474.492,499.472,0],"h":1},{"t":36,"s":[477.643,499.255,0],"h":1},{"t":38,"s":[472.89,499.56,0],"h":1},{"t":40,"s":[463.628,500.204,0],"h":1},{"t":42,"s":[451.873,501.303,0],"h":1},{"t":44,"s":[436.393,503.303,0],"h":1},{"t":46,"s":[423.435,505.374,0],"h":1},{"t":48,"s":[412.071,507.55,0],"h":1},{"t":50,"s":[399.913,510.164,0],"h":1},{"t":52,"s":[387.462,513.255,0],"h":1},{"t":54,"s":[375.97,516.497,0],"h":1},{"t":56,"s":[364.315,519.977,0],"h":1},{"t":58,"s":[352.009,524.111,0],"h":1},{"t":60,"s":[339.845,528.64,0],"h":1},{"t":62,"s":[326.24,534.268,0],"h":1},{"t":64,"s":[311.741,540.953,0],"h":1},{"t":66,"s":[297.052,548.355,0],"h":1},{"t":68,"s":[281.579,556.89,0],"h":1},{"t":70,"s":[265.811,566.59,0],"h":1},{"t":72,"s":[249.731,577.64,0],"h":1},{"t":74,"s":[230.749,591.916,0],"h":1},{"t":76,"s":[212.656,607.413,0],"h":1},{"t":78,"s":[195.472,623.942,0],"h":1},{"t":80,"s":[179.387,641.562,0],"h":1},{"t":82,"s":[162.583,662.189,0],"h":1},{"t":84,"s":[145.811,686.257,0],"h":1},{"t":86,"s":[130.912,711.248,0],"h":1},{"t":88,"s":[116.873,740.458,0],"h":1},{"t":90,"s":[111.214,755.394,0],"h":1},{"t":92,"s":[106.151,769.126,0],"h":1},{"t":94,"s":[101.671,782.905,0],"h":1},{"t":96,"s":[97.864,796.319,0],"h":1},{"t":98,"s":[94.628,809.706,0],"h":1},{"t":100,"s":[91.907,823.261,0],"h":1},{"t":102,"s":[89.319,839.841,0],"h":1},{"t":104,"s":[87.185,860.279,0],"h":1},{"t":106,"s":[86.31,879.836,0],"h":1},{"t":108,"s":[86.452,897.347,0],"h":1},{"t":110,"s":[87.459,914.272,0],"h":1},{"t":112,"s":[89.214,930.271,0],"h":1},{"t":114,"s":[91.669,945.802,0],"h":1},{"t":116,"s":[94.762,960.696,0],"h":1},{"t":118,"s":[98.341,974.626,0],"h":1},{"t":120,"s":[102.404,988.019,0],"h":1},{"t":122,"s":[106.885,1000.718,0],"h":1},{"t":124,"s":[111.591,1012.414,0],"h":1},{"t":126,"s":[116.55,1023.497,0],"h":1},{"t":128,"s":[121.798,1034.149,0],"h":1},{"t":130,"s":[128.307,1045.791,0],"h":1},{"t":132,"s":[135.818,1058.061,0],"h":1},{"t":134,"s":[143.711,1070.002,0],"h":1},{"t":136,"s":[151.434,1080.202,0],"h":1},{"t":138,"s":[152.656,1081.672,0],"h":1},{"t":144,"s":[152.678,1081.682,0],"h":1},{"t":160,"s":[152.705,1081.708,0],"h":1},{"t":162,"s":[152.646,1081.633,0],"h":1},{"t":168,"s":[152.664,1081.652,0],"h":1},{"t":170,"s":[152.928,1081.951,0],"h":1},{"t":178,"s":[152.948,1081.976,0],"h":1},{"t":180,"s":[152.905,1081.921,0],"h":1},{"t":182,"s":[152.925,1081.946,0],"h":1},{"t":308,"s":[152.925,1081.946,0],"h":1},{"t":310,"s":[152.905,1081.921,0],"h":1},{"t":312,"s":[152.948,1081.976,0],"h":1},{"t":320,"s":[152.928,1081.951,0],"h":1},{"t":322,"s":[152.664,1081.652,0],"h":1},{"t":328,"s":[152.646,1081.633,0],"h":1},{"t":330,"s":[152.705,1081.708,0],"h":1},{"t":346,"s":[152.678,1081.682,0],"h":1},{"t":352,"s":[152.656,1081.672,0],"h":1},{"t":354,"s":[151.434,1080.202,0],"h":1},{"t":356,"s":[143.711,1070.002,0],"h":1},{"t":358,"s":[135.818,1058.061,0],"h":1},{"t":360,"s":[128.307,1045.791,0],"h":1},{"t":362,"s":[121.798,1034.149,0],"h":1},{"t":364,"s":[116.55,1023.497,0],"h":1},{"t":366,"s":[111.591,1012.414,0],"h":1},{"t":368,"s":[106.885,1000.718,0],"h":1},{"t":370,"s":[102.404,988.019,0],"h":1},{"t":372,"s":[98.341,974.626,0],"h":1},{"t":374,"s":[94.762,960.696,0],"h":1},{"t":376,"s":[91.669,945.802,0],"h":1},{"t":378,"s":[89.214,930.271,0],"h":1},{"t":380,"s":[87.459,914.272,0],"h":1},{"t":382,"s":[86.452,897.347,0],"h":1},{"t":384,"s":[86.31,879.836,0],"h":1},{"t":386,"s":[87.185,860.279,0],"h":1},{"t":388,"s":[89.319,839.841,0],"h":1},{"t":390,"s":[91.907,823.261,0],"h":1},{"t":392,"s":[94.628,809.706,0],"h":1},{"t":394,"s":[97.864,796.319,0],"h":1},{"t":396,"s":[101.671,782.905,0],"h":1},{"t":398,"s":[106.151,769.126,0],"h":1},{"t":400,"s":[111.214,755.394,0],"h":1},{"t":402,"s":[116.873,740.458,0],"h":1},{"t":404,"s":[130.912,711.248,0],"h":1},{"t":406,"s":[145.811,686.257,0],"h":1},{"t":408,"s":[162.583,662.189,0],"h":1},{"t":410,"s":[179.387,641.562,0],"h":1},{"t":412,"s":[195.472,623.942,0],"h":1},{"t":414,"s":[212.656,607.413,0],"h":1},{"t":416,"s":[230.749,591.916,0],"h":1},{"t":418,"s":[249.731,577.64,0],"h":1},{"t":420,"s":[265.811,566.59,0],"h":1},{"t":422,"s":[281.579,556.89,0],"h":1},{"t":424,"s":[297.052,548.355,0],"h":1},{"t":426,"s":[311.741,540.953,0],"h":1},{"t":428,"s":[326.24,534.268,0],"h":1},{"t":430,"s":[339.845,528.64,0],"h":1},{"t":432,"s":[352.009,524.111,0],"h":1},{"t":434,"s":[364.315,519.977,0],"h":1},{"t":436,"s":[375.97,516.497,0],"h":1},{"t":438,"s":[387.462,513.255,0],"h":1},{"t":440,"s":[399.913,510.164,0],"h":1},{"t":442,"s":[412.071,507.55,0],"h":1},{"t":444,"s":[423.435,505.374,0],"h":1},{"t":446,"s":[436.393,503.303,0],"h":1},{"t":448,"s":[451.873,501.303,0],"h":1},{"t":450,"s":[463.628,500.204,0],"h":1},{"t":452,"s":[472.89,499.56,0],"h":1},{"t":454,"s":[477.643,499.255,0],"h":1},{"t":456,"s":[474.492,499.472,0],"h":1},{"t":458,"s":[472.876,499.566,0],"h":1},{"t":460,"s":[472.433,499.654,0],"h":1},{"t":462,"s":[473.465,499.527,0],"h":1},{"t":464,"s":[474.069,499.445,0],"h":1},{"t":466,"s":[476.607,499.105,0],"h":1},{"t":468,"s":[476.793,499.096,0],"h":1},{"t":470,"s":[477.263,499.073,0],"h":1},{"t":472,"s":[478.025,499.036,0],"h":1},{"t":474,"s":[479.089,498.989,0],"h":1},{"t":476,"s":[480.397,498.938,0],"h":1},{"t":478,"s":[483.122,498.837,0],"h":1},{"t":480,"s":[486.235,498.747,0],"h":1},{"t":482,"s":[489.78,498.634,0],"h":1},{"t":484,"s":[492.903,498.53,0],"h":1},{"t":486,"s":[495.308,498.467,0],"h":1},{"t":488,"s":[497.008,498.431,0],"h":1},{"t":490,"s":[499.653,499.131,0],"h":1}],"ix":2},"a":{"a":0,"k":[0,0,0],"ix":1},"s":{"a":0,"k":[100,100,100],"ix":6}},"ao":0,"sy":[{"c":{"a":0,"k":[0,0,0,1],"ix":2},"o":{"a":0,"k":75,"ix":3},"a":{"a":0,"k":120,"ix":5},"s":{"a":0,"k":5,"ix":8},"d":{"a":0,"k":5,"ix":6},"ch":{"a":0,"k":0,"ix":7},"bm":{"a":0,"k":5,"ix":1},"no":{"a":0,"k":0,"ix":9},"lc":{"a":0,"k":1,"ix":10},"ty":1,"nm":"Drop Shadow"},{"c":{"a":0,"k":[0,0,0,1],"ix":2},"o":{"a":0,"k":75,"ix":3},"a":{"a":0,"k":120,"ix":5},"s":{"a":0,"k":5,"ix":8},"d":{"a":0,"k":5,"ix":6},"ch":{"a":0,"k":0,"ix":7},"bm":{"a":0,"k":5,"ix":1},"no":{"a":0,"k":0,"ix":9},"ty":2,"nm":"Inner Shadow"},{"c":{"a":0,"k":[1,1,0.745098039216,1],"ix":5},"o":{"a":0,"k":75,"ix":2},"s":{"a":0,"k":5,"ix":10},"r":{"a":0,"k":50,"ix":11},"ch":{"a":0,"k":0,"ix":9},"bm":{"a":0,"k":11,"ix":1},"no":{"a":0,"k":0,"ix":3},"j":{"a":0,"k":0,"ix":12},"ty":3,"nm":"Outer Glow"},{"c":{"a":0,"k":[1,1,0.745098039216,1],"ix":5},"o":{"a":0,"k":75,"ix":2},"s":{"a":0,"k":5,"ix":11},"r":{"a":0,"k":50,"ix":12},"sr":{"a":0,"k":1,"ix":9},"ch":{"a":0,"k":0,"ix":10},"bm":{"a":0,"k":11,"ix":1},"no":{"a":0,"k":0,"ix":3},"j":{"a":0,"k":0,"ix":13},"ty":4,"nm":"Inner Glow"},{"c":{"a":0,"k":[1,0,0,1],"ix":2},"s":{"a":0,"k":3,"ix":3},"ty":0,"nm":"Stroke"}],"shapes":[{"ty":"gr","it":[{"ind":0,"ty":"sh","ix":1,"ks":{"a":0,"k":{"i":[[0,0],[11.234,0],[0,-21.194],[-32.081,0],[-5.096,10.307],[0,0],[0,0],[0,0],[0,0],[0,0],[4.285,0],[0,10.423],[-13.203,0],[-5.907,-5.559]],"o":[[-10.655,-10.771],[-30.459,0],[0,21.194],[15.635,0],[0,0],[0,0],[0,0],[0,0],[0,0],[-4.633,3.359],[-16.33,0],[0,-15.867],[5.443,0],[0,0]],"v":[[36.441,314.948],[4.592,301.861],[-39.765,344.828],[4.476,387.448],[39.336,371.581],[39.336,335.563],[-0.272,335.563],[-0.272,353.514],[20.227,353.514],[20.227,363.937],[4.592,368.107],[-17.181,344.828],[4.592,321.086],[23.122,328.151]],"c":true},"ix":2},"nm":"G","mn":"ADBE Vector Shape - Group","hd":false},{"ty":"fl","c":{"a":0,"k":[0.015594001845,0.029254571129,0.305882352941,1],"ix":4},"o":{"a":0,"k":100,"ix":5},"r":1,"bm":0,"nm":"Fill 1","mn":"ADBE Vector Graphic - Fill","hd":false},{"ty":"tr","p":{"a":0,"k":[0,0],"ix":2},"a":{"a":0,"k":[0,0],"ix":1},"s":{"a":0,"k":[100,100],"ix":3},"r":{"a":0,"k":0,"ix":6},"o":{"a":0,"k":100,"ix":7},"sk":{"a":0,"k":0,"ix":4},"sa":{"a":0,"k":0,"ix":5},"nm":"Transform"}],"nm":"G","np":3,"cix":2,"bm":0,"ix":1,"mn":"ADBE Vector Group","hd":false}],"ip":0,"op":600,"st":0,"bm":0}],"markers":[]}