{"v":"5.5.7","meta":{"g":"LottieFiles AE 0.1.20","a":"","k":"","d":"","tc":""},"fr":29.9700012207031,"ip":0,"op":45.0000018328876,"w":200,"h":200,"nm":"btn_trade","ddd":0,"assets":[],"layers":[{"ddd":0,"ind":1,"ty":4,"nm":"btn_deal_s","sr":1,"ks":{"o":{"a":1,"k":[{"i":{"x":[0.833],"y":[0.833]},"o":{"x":[0.167],"y":[0.167]},"t":19,"s":[0]},{"t":25.0000010182709,"s":[100]}],"ix":11},"r":{"a":0,"k":0,"ix":10},"p":{"a":0,"k":[134.5,81,0],"ix":2},"a":{"a":0,"k":[137,77,0],"ix":1},"s":{"a":0,"k":[100,100,100],"ix":6}},"ao":0,"shapes":[{"ty":"gr","it":[{"ind":0,"ty":"sh","ix":1,"ks":{"a":0,"k":{"i":[[-0.692,-2.424],[0,0],[5.196,0.347],[0,0],[0,0],[0,0],[1.731,-1.732],[0,-2.078],[-1.385,-1.731],[-4.502,-0.693],[-1.039,-0.347],[0,-0.693],[1.039,-0.692],[1.385,0],[0.693,2.77],[0,0],[-5.542,-0.346],[0,0],[0,0],[0,0],[-1.732,1.385],[0,2.077],[1.039,1.386],[1.385,1.039],[3.464,0.346],[0.692,0.692],[0,0.693],[-2.771,0]],"o":[[0,0],[-1.384,-3.81],[0,0],[0,0],[0,0],[-2.425,0.347],[-1.732,1.385],[0,2.078],[1.386,1.732],[2.078,0.346],[0.692,0.692],[0,0.692],[-1.039,0.693],[-3.463,0],[0,0],[1.385,4.502],[0,0],[0,0],[0,0],[3.81,-0.346],[1.731,-2.078],[0,-1.732],[-1.039,-1.039],[-1.386,-0.692],[-1.732,-0.347],[-0.347,-0.347],[0,-1.732],[2.77,0]],"v":[[5.455,-6.493],[11.688,-8.571],[1.818,-14.805],[1.818,-18.441],[-2.337,-18.441],[-2.337,-14.805],[-8.571,-11.688],[-11.169,-6.493],[-9.091,-0.779],[-0.26,2.858],[4.416,3.897],[5.455,5.975],[3.896,8.052],[0.26,9.09],[-5.974,4.936],[-12.727,6.494],[-2.337,13.767],[-2.337,18.442],[1.818,18.442],[1.818,13.767],[10.13,11.169],[12.727,4.936],[11.169,0.26],[7.533,-2.857],[0.26,-4.415],[-3.376,-5.973],[-3.896,-7.532],[0.26,-10.129]],"c":true},"ix":2},"nm":"Path 1","mn":"ADBE Vector Shape - Group","hd":false},{"ty":"fl","c":{"a":0,"k":[1,1,1,1],"ix":4},"o":{"a":0,"k":100,"ix":5},"r":1,"bm":0,"nm":"Fill 1","mn":"ADBE Vector Graphic - Fill","hd":false},{"ty":"tr","p":{"a":0,"k":[137.662,76.987],"ix":2},"a":{"a":0,"k":[0,0],"ix":1},"s":{"a":0,"k":[100,100],"ix":3},"r":{"a":0,"k":0,"ix":6},"o":{"a":0,"k":100,"ix":7},"sk":{"a":0,"k":0,"ix":4},"sa":{"a":0,"k":0,"ix":5},"nm":"Transform"}],"nm":"Group 1","np":2,"cix":2,"bm":0,"ix":1,"mn":"ADBE Vector Group","hd":false}],"ip":19.0000007738859,"op":46.0000018736184,"st":0,"bm":0},{"ddd":0,"ind":2,"ty":4,"nm":"btn_deal_arrow2","sr":1,"ks":{"o":{"a":0,"k":100,"ix":11},"r":{"a":0,"k":0,"ix":10},"p":{"a":0,"k":[100,100,0],"ix":2},"a":{"a":0,"k":[100,100,0],"ix":1},"s":{"a":0,"k":[100,100,100],"ix":6}},"ao":0,"hasMask":true,"masksProperties":[{"inv":false,"mode":"a","pt":{"a":1,"k":[{"i":{"x":0.833,"y":0.833},"o":{"x":0.167,"y":0.167},"t":14,"s":[{"i":[[0,0],[0,0],[0,0],[0,0]],"o":[[0,0],[0,0],[0,0],[0,0]],"v":[[14.622,90.787],[42.622,97],[49.336,71],[21.836,64.287]],"c":true}]},{"i":{"x":0.833,"y":0.833},"o":{"x":0.167,"y":0.167},"t":16,"s":[{"i":[[0,0],[0,0],[0,0],[0,0]],"o":[[0,0],[0,0],[0,0],[0,0]],"v":[[17.455,76.12],[45.289,88.333],[60.169,59],[29.336,48.453]],"c":true}]},{"i":{"x":0.833,"y":0.833},"o":{"x":0.167,"y":0.167},"t":18,"s":[{"i":[[0,0],[0,0],[0,0],[0,0]],"o":[[0,0],[0,0],[0,0],[0,0]],"v":[[26.247,67.662],[52.372,78.25],[68.586,46.5],[43.211,35.412]],"c":true}]},{"i":{"x":0.833,"y":0.833},"o":{"x":0.167,"y":0.167},"t":20,"s":[{"i":[[0,0],[0,0],[0,0],[0,0]],"o":[[0,0],[0,0],[0,0],[0,0]],"v":[[23.247,65.662],[52.372,78.25],[74.086,51],[60.711,2.412]],"c":true}]},{"t":22.0000008960784,"s":[{"i":[[0,0],[0,0],[0,0],[0,0]],"o":[[0,0],[0,0],[0,0],[0,0]],"v":[[23.247,65.662],[52.372,78.25],[94.086,44],[63.711,-7.088]],"c":true}]}],"ix":1},"o":{"a":0,"k":100,"ix":3},"x":{"a":0,"k":0,"ix":4},"nm":"Mask 1"}],"shapes":[{"ty":"gr","it":[{"ind":0,"ty":"sh","ix":1,"ks":{"a":0,"k":{"i":[[4.286,-13.095],[0,0],[0,0],[0,0],[-18.333,-1.905],[-0.952,0.715],[-0.238,0.953],[0.238,1.19],[0.953,0.714],[0,0],[0,0],[0,0]],"o":[[0,0],[0,0],[0,0],[4.762,-14.286],[1.428,0],[1.191,-0.714],[0,-1.428],[-0.476,-0.953],[0,0],[0,0],[0,0],[-12.381,3.096]],"v":[[-24.464,15.179],[-25.893,20.536],[-16.25,23.75],[-14.464,18.393],[20.179,-0.178],[23.75,-1.25],[25.893,-3.75],[25.536,-7.678],[23.393,-10.178],[-5.178,-23.75],[-9.821,-14.464],[0.536,-9.107]],"c":true},"ix":2},"nm":"Path 1","mn":"ADBE Vector Shape - Group","hd":false},{"ty":"fl","c":{"a":0,"k":[0.980392156863,0.713725490196,0.058823529412,1],"ix":4},"o":{"a":0,"k":100,"ix":5},"r":1,"bm":0,"nm":"Fill 1","mn":"ADBE Vector Graphic - Fill","hd":false},{"ty":"tr","p":{"a":0,"k":[61.086,43.75],"ix":2},"a":{"a":0,"k":[0,0],"ix":1},"s":{"a":0,"k":[100,100],"ix":3},"r":{"a":0,"k":0,"ix":6},"o":{"a":0,"k":100,"ix":7},"sk":{"a":0,"k":0,"ix":4},"sa":{"a":0,"k":0,"ix":5},"nm":"Transform"}],"nm":"Group 2","np":2,"cix":2,"bm":0,"ix":1,"mn":"ADBE Vector Group","hd":false}],"ip":14.0000005702317,"op":47.0000019143492,"st":2.00000008146167,"bm":0},{"ddd":0,"ind":3,"ty":4,"nm":"btn_deal_arrow1","sr":1,"ks":{"o":{"a":0,"k":100,"ix":11},"r":{"a":0,"k":0,"ix":10},"p":{"a":0,"k":[100,100,0],"ix":2},"a":{"a":0,"k":[100,100,0],"ix":1},"s":{"a":0,"k":[100,100,100],"ix":6}},"ao":0,"hasMask":true,"masksProperties":[{"inv":false,"mode":"a","pt":{"a":1,"k":[{"i":{"x":0.833,"y":0.833},"o":{"x":0.167,"y":0.167},"t":14,"s":[{"i":[[0,0],[0,0],[0,0],[0,0]],"o":[[0,0],[0,0],[0,0],[0,0]],"v":[[144.122,126.287],[171.622,131],[178.336,105],[150.836,98.287]],"c":true}]},{"i":{"x":0.833,"y":0.833},"o":{"x":0.167,"y":0.167},"t":16,"s":[{"i":[[0,0],[0,0],[0,0],[0,0]],"o":[[0,0],[0,0],[0,0],[0,0]],"v":[[137.455,141.62],[166.289,154.333],[172.169,130],[150.336,117.953]],"c":true}]},{"i":{"x":0.833,"y":0.833},"o":{"x":0.167,"y":0.167},"t":18,"s":[{"i":[[0,0],[0,0],[0,0],[0,0]],"o":[[0,0],[0,0],[0,0],[0,0]],"v":[[130.747,155.162],[156.872,165.75],[173.086,134],[147.711,122.912]],"c":true}]},{"i":{"x":0.833,"y":0.833},"o":{"x":0.167,"y":0.167},"t":20,"s":[{"i":[[0,0],[0,0],[0,0],[0,0]],"o":[[0,0],[0,0],[0,0],[0,0]],"v":[[123.539,155.87],[152.955,188.5],[168.669,149.333],[151.753,125.87]],"c":true}]},{"i":{"x":0.833,"y":0.833},"o":{"x":0.167,"y":0.167},"t":21,"s":[{"i":[[0,0],[0,0],[0,0],[0,0]],"o":[[0,0],[0,0],[0,0],[0,0]],"v":[[119.08,137.328],[134.789,184.25],[173.253,185.666],[161.294,125.828]],"c":true}]},{"t":22.0000008960784,"s":[{"i":[[0,0],[0,0],[0,0],[0,0]],"o":[[0,0],[0,0],[0,0],[0,0]],"v":[[116.622,131.787],[116.622,180],[159.836,180],[159.836,131.787]],"c":true}]}],"ix":1},"o":{"a":0,"k":100,"ix":3},"x":{"a":0,"k":0,"ix":4},"nm":"Mask 1"}],"shapes":[{"ty":"gr","it":[{"ind":0,"ty":"sh","ix":1,"ks":{"a":0,"k":{"i":[[0,13.81],[0,0],[0,0],[0,0],[18.334,-3.096],[0.714,-1.191],[0,-1.429],[-0.952,-0.953],[-1.429,-0.476],[0,0],[0,0],[0,0]],"o":[[0,0],[0,0],[0,0],[-0.477,15.238],[-1.429,0.237],[-0.952,0.475],[0,1.429],[0.714,0.714],[0,0],[0,0],[0,0],[11.19,-6.905]],"v":[[21.607,-18.75],[21.607,-24.106],[11.251,-24.106],[11.251,-18.75],[-16.964,8.751],[-20.178,10.894],[-21.607,13.751],[-20.178,17.322],[-16.964,19.107],[14.107,24.107],[15.893,13.751],[4.822,12.322]],"c":true},"ix":2},"nm":"Path 1","mn":"ADBE Vector Shape - Group","hd":false},{"ty":"fl","c":{"a":0,"k":[0.980392156863,0.713725490196,0.058823529412,1],"ix":4},"o":{"a":0,"k":100,"ix":5},"r":1,"bm":0,"nm":"Fill 1","mn":"ADBE Vector Graphic - Fill","hd":false},{"ty":"tr","p":{"a":0,"k":[138.229,155.893],"ix":2},"a":{"a":0,"k":[0,0],"ix":1},"s":{"a":0,"k":[100,100],"ix":3},"r":{"a":0,"k":0,"ix":6},"o":{"a":0,"k":100,"ix":7},"sk":{"a":0,"k":0,"ix":4},"sa":{"a":0,"k":0,"ix":5},"nm":"Transform"}],"nm":"Group 1","np":2,"cix":2,"bm":0,"ix":1,"mn":"ADBE Vector Group","hd":false}],"ip":14.0000005702317,"op":47.0000019143492,"st":2.00000008146167,"bm":0},{"ddd":0,"ind":4,"ty":4,"nm":"btn_deal_P","sr":1,"ks":{"o":{"a":0,"k":100,"ix":11},"r":{"a":0,"k":0,"ix":10},"p":{"a":0,"k":[100,100,0],"ix":2},"a":{"a":0,"k":[100,100,0],"ix":1},"s":{"a":0,"k":[100,100,100],"ix":6}},"ao":0,"hasMask":true,"masksProperties":[{"inv":false,"mode":"a","pt":{"a":1,"k":[{"i":{"x":0.833,"y":0.833},"o":{"x":0.167,"y":0.167},"t":17,"s":[{"i":[[0,0],[0,0],[0,0],[0,0]],"o":[[0,0],[0,0],[0,0],[0,0]],"v":[[4,93],[4,152.497],[41.286,152.5],[54.718,93.016]],"c":true}]},{"t":22.0000008960784,"s":[{"i":[[0,0],[0,0],[0,0],[0,0]],"o":[[0,0],[0,0],[0,0],[0,0]],"v":[[53.408,93],[53.408,153],[98.051,153],[98.051,93]],"c":true}]}],"ix":1},"o":{"a":0,"k":100,"ix":3},"x":{"a":0,"k":0,"ix":4},"nm":"Mask 1"}],"shapes":[{"ty":"gr","it":[{"ind":0,"ty":"sh","ix":1,"ks":{"a":0,"k":{"i":[[0,0],[0.893,-0.892],[1.273,0],[0,0],[0,0],[0,0],[-0.904,-0.904],[-0.012,-1.273]],"o":[[0.012,1.272],[-0.904,0.904],[0,0],[0,0],[0,0],[1.261,0],[0.904,0.892],[0,0]],"v":[[11.363,9.385],[10.042,12.633],[6.777,13.99],[-7.105,13.99],[-7.158,4.051],[6.741,4.051],[9.989,5.407],[11.363,8.655]],"c":true},"ix":2},"nm":"Path 1","mn":"ADBE Vector Shape - Group","hd":false},{"ind":1,"ty":"sh","ix":2,"ks":{"a":0,"k":{"i":[[0,0],[-0.809,-0.809],[-0.012,-1.142],[0,0],[0.808,-0.808],[1.13,0],[0,0],[0,0]],"o":[[1.142,0],[0.809,0.808],[0,0],[0.012,1.13],[-0.809,0.809],[0,0],[0,0],[0,0]],"v":[[5.582,-13.15],[8.508,-11.937],[9.739,-9.01],[9.739,-8.333],[8.544,-5.424],[5.635,-4.212],[-7.194,-4.212],[-7.247,-13.15]],"c":true},"ix":2},"nm":"Path 2","mn":"ADBE Vector Shape - Group","hd":false},{"ind":2,"ty":"sh","ix":3,"ks":{"a":0,"k":{"i":[[2.272,2.39],[3.259,0.202],[0,0],[0,0],[0,0],[0,0],[0,0],[0,0],[0,0],[0,0],[0,0],[0,0],[0,0],[0,0],[0,0],[0,0],[0,0],[0,0],[0,0],[0,0],[0,0],[0,0],[0,0],[0,0],[-2.498,2.522],[0.024,3.545],[0,0],[0.75,1.653],[1.308,1.201],[0.024,2.795],[0,0]],"o":[[-2.26,-2.367],[0,0],[0,0],[0,0],[0,0],[0,0],[0,0],[0,0],[0,0],[0,0],[0,0],[0,0],[0,0],[0,0],[0,0],[0,0],[0,0],[0,0],[0,0],[0,0],[0,0],[0,0],[0,0],[3.545,0],[2.51,-2.51],[0,0],[-0.012,-1.821],[-0.725,-1.607],[1.737,-2.248],[0,0],[-0.012,-3.283]],"v":[[14.574,-17.521],[6.296,-21.376],[6.278,-26.051],[-1.984,-26.051],[-1.966,-21.411],[-5.356,-21.411],[-5.374,-26.051],[-13.635,-26.051],[-13.617,-21.411],[-19.648,-21.411],[-19.595,-13.15],[-15.509,-13.15],[-15.366,13.99],[-19.47,13.99],[-19.434,22.25],[-13.403,22.25],[-13.385,26.051],[-5.124,26.051],[-5.142,22.25],[-1.752,22.25],[-1.734,26.051],[6.528,26.051],[6.509,22.25],[6.831,22.25],[15.895,18.467],[19.624,9.385],[19.624,8.655],[18.482,3.445],[15.431,-0.767],[18,-8.333],[18,-9.01]],"c":true},"ix":2},"nm":"Path 3","mn":"ADBE Vector Shape - Group","hd":false},{"ty":"mm","mm":1,"nm":"Merge Paths 1","mn":"ADBE Vector Filter - Merge","hd":false},{"ty":"fl","c":{"a":0,"k":[1,1,1,1],"ix":4},"o":{"a":0,"k":100,"ix":5},"r":1,"bm":0,"nm":"Fill 1","mn":"ADBE Vector Graphic - Fill","hd":false},{"ty":"tr","p":{"a":0,"k":[75.479,122.779],"ix":2},"a":{"a":0,"k":[0,0],"ix":1},"s":{"a":0,"k":[100,100],"ix":3},"r":{"a":0,"k":0,"ix":6},"o":{"a":0,"k":100,"ix":7},"sk":{"a":0,"k":0,"ix":4},"sa":{"a":0,"k":0,"ix":5},"nm":"Transform"}],"nm":"Group 2","np":5,"cix":2,"bm":0,"ix":1,"mn":"ADBE Vector Group","hd":false}],"ip":17.0000006924242,"op":48.0000019550801,"st":5.00000020365417,"bm":0},{"ddd":0,"ind":5,"ty":4,"nm":"btn_deal_circle","sr":1,"ks":{"o":{"a":0,"k":100,"ix":11},"r":{"a":0,"k":0,"ix":10},"p":{"a":1,"k":[{"i":{"x":0.833,"y":0.833},"o":{"x":0.167,"y":0.167},"t":12,"s":[98,110,0],"to":[0.333,-1.667,0],"ti":[-0.333,1.667,0]},{"i":{"x":0.833,"y":0.833},"o":{"x":0.167,"y":0.167},"t":17,"s":[100,100,0],"to":[0,0,0],"ti":[0,0,0]},{"t":22.0000008960784,"s":[100,100,0]}],"ix":2},"a":{"a":0,"k":[100,100,0],"ix":1},"s":{"a":1,"k":[{"i":{"x":[0.833,0.833,0.833],"y":[0.833,0.833,0.833]},"o":{"x":[0.167,0.167,0.167],"y":[0.167,0.167,0.167]},"t":12,"s":[100,87.595,100]},{"i":{"x":[0.833,0.833,0.833],"y":[0.833,0.833,0.833]},"o":{"x":[0.167,0.167,0.167],"y":[0.167,0.167,0.167]},"t":15,"s":[109.666,109.666,100]},{"i":{"x":[0.833,0.833,0.833],"y":[0.833,0.833,0.833]},"o":{"x":[0.167,0.167,0.167],"y":[0.167,0.167,0.167]},"t":17,"s":[112.566,112.566,100]},{"t":22.0000008960784,"s":[100,100,100]}],"ix":6}},"ao":0,"hasMask":true,"masksProperties":[{"inv":false,"mode":"a","pt":{"a":1,"k":[{"i":{"x":0.833,"y":0.833},"o":{"x":0.167,"y":0.167},"t":7,"s":[{"i":[[31.593,-27.917],[-27.587,-24.377],[-31.593,27.917],[27.587,24.377]],"o":[[-27.587,24.377],[31.593,27.917],[27.587,-24.377],[-31.593,-27.917]],"v":[[150.587,-45.083],[150.087,62.602],[273.413,62.102],[275.913,-48.583]],"c":true}]},{"t":12.00000048877,"s":[{"i":[[31.593,-27.917],[-27.587,-24.377],[-31.593,27.917],[27.587,24.377]],"o":[[-27.587,24.377],[31.593,27.917],[27.587,-24.377],[-31.593,-27.917]],"v":[[37.087,57.917],[36.587,165.602],[159.913,165.102],[162.413,54.417]],"c":true}]}],"ix":1},"o":{"a":0,"k":100,"ix":3},"x":{"a":0,"k":0,"ix":4},"nm":"Mask 1"}],"shapes":[{"ty":"gr","it":[{"ind":0,"ty":"sh","ix":1,"ks":{"a":0,"k":{"i":[[0,5.952],[10,10],[11.667,0.714],[1.905,0],[9.763,-10.001],[0,-14.286],[-10.237,-10.001],[-14.048,0],[-10,10.475],[-2.381,7.142],[0,0]],"o":[[0,-14.286],[-9.047,-9.048],[-1.667,-0.239],[-14.048,0],[-10.237,10],[0,13.81],[9.763,10.475],[14.286,0],[5.953,-5.715],[0,0],[1.667,-5.477]],"v":[[51.25,0],[36.25,-36.428],[5.179,-51.071],[-0.178,-51.429],[-35.893,-36.428],[-51.25,0],[-35.893,35.715],[-0.178,51.429],[36.25,35.715],[48.75,16.429],[48.75,17.144]],"c":true},"ix":2},"nm":"Path 1","mn":"ADBE Vector Shape - Group","hd":false},{"ty":"fl","c":{"a":0,"k":[0.980392156863,0.713725490196,0.058823529412,1],"ix":4},"o":{"a":0,"k":100,"ix":5},"r":1,"bm":0,"nm":"Fill 1","mn":"ADBE Vector Graphic - Fill","hd":false},{"ty":"tr","p":{"a":0,"k":[73.586,122.5],"ix":2},"a":{"a":0,"k":[0,0],"ix":1},"s":{"a":0,"k":[100,100],"ix":3},"r":{"a":0,"k":0,"ix":6},"o":{"a":0,"k":100,"ix":7},"sk":{"a":0,"k":0,"ix":4},"sa":{"a":0,"k":0,"ix":5},"nm":"Transform"}],"nm":"Group 4","np":2,"cix":2,"bm":0,"ix":1,"mn":"ADBE Vector Group","hd":false},{"ty":"gr","it":[{"ind":0,"ty":"sh","ix":1,"ks":{"a":0,"k":{"i":[[7.857,-7.857],[1.667,-3.096],[0,0],[0,0],[0.477,-28.095],[0,0],[0,0],[-6.666,6.667],[0,11.191],[7.857,8.095],[10.953,0]],"o":[[-2.857,2.857],[0,0],[0,0],[24.286,9.285],[0,0],[0,0],[9.285,-1.666],[7.857,-7.858],[0,-10.952],[-8.095,-7.857],[-11.19,0]],"v":[[-30.001,-29.464],[-36.786,-20.535],[-38.928,-15.536],[-37.857,-14.821],[-2.144,41.25],[-1.072,40.893],[3.214,40.179],[27.143,27.679],[38.928,-0.893],[27.143,-29.464],[-1.43,-41.25]],"c":true},"ix":2},"nm":"Path 1","mn":"ADBE Vector Shape - Group","hd":false},{"ty":"fl","c":{"a":0,"k":[0.980392156863,0.713725490196,0.058823529412,1],"ix":4},"o":{"a":0,"k":100,"ix":5},"r":1,"bm":0,"nm":"Fill 1","mn":"ADBE Vector Graphic - Fill","hd":false},{"ty":"tr","p":{"a":0,"k":[132.694,84.821],"ix":2},"a":{"a":0,"k":[0,0],"ix":1},"s":{"a":0,"k":[100,100],"ix":3},"r":{"a":0,"k":0,"ix":6},"o":{"a":0,"k":100,"ix":7},"sk":{"a":0,"k":0,"ix":4},"sa":{"a":0,"k":0,"ix":5},"nm":"Transform"}],"nm":"Group 5","np":2,"cix":2,"bm":0,"ix":2,"mn":"ADBE Vector Group","hd":false}],"ip":7.00000028511585,"op":46.0000018736184,"st":0,"bm":0},{"ddd":0,"ind":6,"ty":4,"nm":"btn_deal Outlines","sr":1,"ks":{"o":{"a":1,"k":[{"i":{"x":[0.833],"y":[0.833]},"o":{"x":[0.167],"y":[0.167]},"t":0,"s":[100]},{"t":9.00000036657752,"s":[8]}],"ix":11},"r":{"a":0,"k":0,"ix":10},"p":{"a":0,"k":[100,100,0],"ix":2},"a":{"a":0,"k":[100,100,0],"ix":1},"s":{"a":0,"k":[100,100,100],"ix":6}},"ao":0,"shapes":[{"ty":"gr","it":[{"ind":0,"ty":"sh","ix":1,"ks":{"a":0,"k":{"i":[[4.286,-13.095],[0,0],[0,0],[0,0],[-18.333,-1.905],[-0.952,0.715],[-0.238,0.953],[0.238,1.19],[0.953,0.714],[0,0],[0,0],[0,0]],"o":[[0,0],[0,0],[0,0],[4.762,-14.286],[1.428,0],[1.191,-0.714],[0,-1.428],[-0.476,-0.953],[0,0],[0,0],[0,0],[-12.381,3.096]],"v":[[-60.357,-41.071],[-61.786,-35.714],[-52.143,-32.5],[-50.357,-37.857],[-15.714,-56.428],[-12.143,-57.5],[-10,-60],[-10.357,-63.928],[-12.5,-66.428],[-41.071,-80],[-45.714,-70.714],[-35.357,-65.357]],"c":true},"ix":2},"nm":"Path 1","mn":"ADBE Vector Shape - Group","hd":false},{"ind":1,"ty":"sh","ix":2,"ks":{"a":0,"k":{"i":[[0,10.952],[-8.095,8.095],[-11.429,0],[-1.19,-0.238],[0,0],[-6.904,-6.905],[0,-11.428],[1.429,-4.524],[4.525,-4.524],[11.428,0],[7.142,8.333],[0,0]],"o":[[0,-11.428],[7.619,-7.857],[1.428,0],[0,0],[9.523,0.714],[7.858,8.095],[0,4.525],[-1.904,5.476],[-8.095,8.333],[-11.429,0],[0,0],[-8.095,-8.095]],"v":[[-64.286,22.5],[-52.143,-6.785],[-23.571,-18.571],[-19.643,-18.214],[-18.928,-18.214],[5.714,-6.785],[17.5,22.5],[15.357,36.072],[5.714,51.072],[-23.571,63.572],[-51.428,51.072],[-52.143,51.072]],"c":true},"ix":2},"nm":"Path 5","mn":"ADBE Vector Shape - Group","hd":false},{"ind":2,"ty":"sh","ix":3,"ks":{"a":0,"k":{"i":[[9.762,-10],[0,-14.286],[-10.238,-10.001],[-14.048,0],[-10,10.476],[-2.381,7.143],[0,0],[0,5.952],[10,10],[11.667,0.714],[1.904,0]],"o":[[-10.238,10],[0,13.81],[9.762,10.476],[14.286,0],[5.953,-5.715],[0,0],[1.667,-5.477],[0,-14.286],[-9.047,-9.048],[-1.667,-0.238],[-14.048,0]],"v":[[-59.286,-13.928],[-74.643,22.5],[-59.286,58.215],[-23.571,73.929],[12.857,58.215],[25.357,38.929],[25.357,39.644],[27.857,22.5],[12.857,-13.928],[-18.214,-28.571],[-23.571,-28.928]],"c":true},"ix":2},"nm":"Path 6","mn":"ADBE Vector Shape - Group","hd":false},{"ind":3,"ty":"sh","ix":4,"ks":{"a":0,"k":{"i":[[0,0],[0,0],[-2.143,1.904],[-8.333,0],[-5.714,-5.952],[0,-8.333],[5.953,-5.952],[7.381,-0.714],[0,0],[0,0],[0,0],[-6.904,6.667],[0,11.19],[7.857,8.095],[10.953,0],[7.858,-7.858],[1.667,-3.095],[0,0]],"o":[[0,0],[1.191,-2.857],[5.953,-5.952],[8.334,0],[5.953,5.714],[0,8.333],[-4.762,5.238],[0,0],[0,0],[0,0],[9.525,-1.429],[7.857,-7.857],[0,-10.953],[-8.095,-7.858],[-11.191,0],[-2.857,2.857],[0,0],[0,0]],"v":[[4.643,-25.714],[7.857,-30],[12.857,-37.142],[34.286,-46.071],[55.357,-37.142],[64.286,-16.071],[55.357,5.358],[37.143,14.286],[32.143,15.358],[33.572,25],[38.214,24.643],[62.857,12.5],[74.643,-16.071],[62.857,-44.642],[34.286,-56.428],[5.714,-44.642],[-1.071,-35.714],[-4.286,-31.428]],"c":true},"ix":2},"nm":"Path 7","mn":"ADBE Vector Shape - Group","hd":false},{"ind":4,"ty":"sh","ix":5,"ks":{"a":0,"k":{"i":[[0,0],[0,0],[18.334,-3.096],[0.714,-1.19],[0,-1.429],[-0.952,-0.953],[-1.429,-0.476],[0,0],[0,0],[0,0],[0,13.809],[0,0]],"o":[[0,0],[-0.476,15.238],[-1.429,0.237],[-0.952,0.476],[0,1.429],[0.714,0.714],[0,0],[0,0],[0,0],[11.19,-6.905],[0,0],[0,0]],"v":[[52.5,31.786],[52.5,37.143],[24.286,64.644],[21.072,66.786],[19.643,69.644],[21.072,73.215],[24.286,75],[55.357,80],[57.143,69.644],[46.072,68.215],[62.857,37.143],[62.857,31.786]],"c":true},"ix":2},"nm":"Path 8","mn":"ADBE Vector Shape - Group","hd":false},{"ty":"mm","mm":1,"nm":"Merge Paths 1","mn":"ADBE Vector Filter - Merge","hd":false},{"ty":"fl","c":{"a":0,"k":[0.573471787397,0.595913217582,0.647058823529,1],"ix":4},"o":{"a":0,"k":100,"ix":5},"r":1,"bm":0,"nm":"Fill 1","mn":"ADBE Vector Graphic - Fill","hd":false},{"ty":"tr","p":{"a":0,"k":[96.979,100],"ix":2},"a":{"a":0,"k":[0,0],"ix":1},"s":{"a":0,"k":[100,100],"ix":3},"r":{"a":0,"k":0,"ix":6},"o":{"a":0,"k":100,"ix":7},"sk":{"a":0,"k":0,"ix":4},"sa":{"a":0,"k":0,"ix":5},"nm":"Transform"}],"nm":"Group 1","np":7,"cix":2,"bm":0,"ix":1,"mn":"ADBE Vector Group","hd":false},{"ty":"gr","it":[{"ind":0,"ty":"sh","ix":1,"ks":{"a":0,"k":{"i":[[0,0],[0.893,-0.892],[1.273,0],[0,0],[0,0],[0,0],[-0.904,-0.904],[-0.012,-1.273]],"o":[[0.012,1.272],[-0.904,0.904],[0,0],[0,0],[0,0],[1.261,0],[0.904,0.892],[0,0]],"v":[[11.363,9.385],[10.042,12.633],[6.777,13.99],[-7.105,13.99],[-7.158,4.051],[6.741,4.051],[9.989,5.407],[11.363,8.655]],"c":true},"ix":2},"nm":"Path 1","mn":"ADBE Vector Shape - Group","hd":false},{"ind":1,"ty":"sh","ix":2,"ks":{"a":0,"k":{"i":[[0,0],[-0.809,-0.809],[-0.012,-1.142],[0,0],[0.808,-0.808],[1.13,0],[0,0],[0,0]],"o":[[1.142,0],[0.809,0.808],[0,0],[0.012,1.13],[-0.809,0.809],[0,0],[0,0],[0,0]],"v":[[5.582,-13.15],[8.508,-11.937],[9.739,-9.01],[9.739,-8.333],[8.544,-5.424],[5.635,-4.212],[-7.194,-4.212],[-7.247,-13.15]],"c":true},"ix":2},"nm":"Path 2","mn":"ADBE Vector Shape - Group","hd":false},{"ind":2,"ty":"sh","ix":3,"ks":{"a":0,"k":{"i":[[2.272,2.39],[3.259,0.202],[0,0],[0,0],[0,0],[0,0],[0,0],[0,0],[0,0],[0,0],[0,0],[0,0],[0,0],[0,0],[0,0],[0,0],[0,0],[0,0],[0,0],[0,0],[0,0],[0,0],[0,0],[0,0],[-2.498,2.522],[0.024,3.545],[0,0],[0.75,1.653],[1.308,1.201],[0.024,2.795],[0,0]],"o":[[-2.26,-2.367],[0,0],[0,0],[0,0],[0,0],[0,0],[0,0],[0,0],[0,0],[0,0],[0,0],[0,0],[0,0],[0,0],[0,0],[0,0],[0,0],[0,0],[0,0],[0,0],[0,0],[0,0],[0,0],[3.545,0],[2.51,-2.51],[0,0],[-0.012,-1.821],[-0.725,-1.607],[1.737,-2.248],[0,0],[-0.012,-3.283]],"v":[[14.574,-17.521],[6.296,-21.376],[6.278,-26.051],[-1.984,-26.051],[-1.966,-21.411],[-5.356,-21.411],[-5.374,-26.051],[-13.635,-26.051],[-13.617,-21.411],[-19.648,-21.411],[-19.595,-13.15],[-15.509,-13.15],[-15.366,13.99],[-19.47,13.99],[-19.434,22.25],[-13.403,22.25],[-13.385,26.051],[-5.124,26.051],[-5.142,22.25],[-1.752,22.25],[-1.734,26.051],[6.528,26.051],[6.509,22.25],[6.831,22.25],[15.895,18.467],[19.624,9.385],[19.624,8.655],[18.482,3.445],[15.431,-0.767],[18,-8.333],[18,-9.01]],"c":true},"ix":2},"nm":"Path 3","mn":"ADBE Vector Shape - Group","hd":false},{"ty":"mm","mm":1,"nm":"Merge Paths 1","mn":"ADBE Vector Filter - Merge","hd":false},{"ty":"fl","c":{"a":0,"k":[0.573471787397,0.595913217582,0.647058823529,1],"ix":4},"o":{"a":0,"k":100,"ix":5},"r":1,"bm":0,"nm":"Fill 1","mn":"ADBE Vector Graphic - Fill","hd":false},{"ty":"tr","p":{"a":0,"k":[75.479,122.779],"ix":2},"a":{"a":0,"k":[0,0],"ix":1},"s":{"a":0,"k":[100,100],"ix":3},"r":{"a":0,"k":0,"ix":6},"o":{"a":0,"k":100,"ix":7},"sk":{"a":0,"k":0,"ix":4},"sa":{"a":0,"k":0,"ix":5},"nm":"Transform"}],"nm":"Group 2","np":5,"cix":2,"bm":0,"ix":2,"mn":"ADBE Vector Group","hd":false},{"ty":"gr","it":[{"ind":0,"ty":"sh","ix":1,"ks":{"a":0,"k":{"i":[[-0.692,-2.424],[0,0],[5.196,0.347],[0,0],[0,0],[0,0],[1.731,-1.732],[0,-2.078],[-1.385,-1.731],[-4.502,-0.693],[-1.039,-0.347],[0,-0.693],[1.039,-0.692],[1.385,0],[0.693,2.77],[0,0],[-5.542,-0.346],[0,0],[0,0],[0,0],[-1.732,1.385],[0,2.077],[1.039,1.386],[1.385,1.039],[3.464,0.346],[0.692,0.692],[0,0.693],[-2.771,0]],"o":[[0,0],[-1.384,-3.81],[0,0],[0,0],[0,0],[-2.425,0.347],[-1.732,1.385],[0,2.078],[1.386,1.732],[2.078,0.346],[0.692,0.692],[0,0.692],[-1.039,0.693],[-3.463,0],[0,0],[1.385,4.502],[0,0],[0,0],[0,0],[3.81,-0.346],[1.731,-2.078],[0,-1.732],[-1.039,-1.039],[-1.386,-0.692],[-1.732,-0.347],[-0.347,-0.347],[0,-1.732],[2.77,0]],"v":[[5.455,-6.493],[11.688,-8.571],[1.818,-14.805],[1.818,-18.441],[-2.337,-18.441],[-2.337,-14.805],[-8.571,-11.688],[-11.169,-6.493],[-9.091,-0.779],[-0.26,2.858],[4.416,3.897],[5.455,5.975],[3.896,8.052],[0.26,9.09],[-5.974,4.936],[-12.727,6.494],[-2.337,13.767],[-2.337,18.442],[1.818,18.442],[1.818,13.767],[10.13,11.169],[12.727,4.936],[11.169,0.26],[7.533,-2.857],[0.26,-4.415],[-3.376,-5.973],[-3.896,-7.532],[0.26,-10.129]],"c":true},"ix":2},"nm":"Path 1","mn":"ADBE Vector Shape - Group","hd":false},{"ty":"fl","c":{"a":0,"k":[0.573471787397,0.595913217582,0.647058823529,1],"ix":4},"o":{"a":0,"k":100,"ix":5},"r":1,"bm":0,"nm":"Fill 1","mn":"ADBE Vector Graphic - Fill","hd":false},{"ty":"tr","p":{"a":0,"k":[133.662,81.987],"ix":2},"a":{"a":0,"k":[0,0],"ix":1},"s":{"a":0,"k":[100,100],"ix":3},"r":{"a":0,"k":0,"ix":6},"o":{"a":0,"k":100,"ix":7},"sk":{"a":0,"k":0,"ix":4},"sa":{"a":0,"k":0,"ix":5},"nm":"Transform"}],"nm":"Group 3","np":2,"cix":2,"bm":0,"ix":3,"mn":"ADBE Vector Group","hd":false}],"ip":0,"op":10.0000004073083,"st":0,"bm":0}],"markers":[]}